name,wiki_name,iso_3166_1_numeric,iso_3166_1_alpha_3,iso_3166_1_alpha_2,international_civil_aviation_organization_airport_code,e_164,list_of_ioc_country_codes,country_code_top_level_domain,international_civil_aviation_organization,e_212,list_of_nato_country_codes,library_of_congress,maritime_identification_digits,list_of_itu_letter_codes,list_of_fips_country_codes,list_of_international_vehicle_registration_codes,gs1,list_of_undp_country_codes,world_meteorological_organization,itu_prefix,GeoNameID,Continent,Capital,Time Zone in Capital,Currency,Language Codes,Languages,Area KM2,name,name_fr,ISO3166-1-Alpha-3,ISO3166-1-numeric,ITU,MARC,WMO,DS,Dial,FIFA,GAUL,IOC,currency_alphabetic_code,currency_country_name,currency_minor_unit,currency_name,currency_numeric_code,is_independent
Afghanistan,Afghanistan,004,AFG,AF,OA,+93,AFG,.af,YA-,412,AF,AF,401,AFG,AF,AFG,NULL,AFG,AH,"T6A-T6Z, YAA-YAZ",1149361,Asia,Kabul,Asia/Kabul,Afghani,"fa-AF,ps,uz-AF,tk","Afghan Persian or Dari (official) 50%, Pashto (official) 35%, Turkic languages (primarily Uzbek and Turkmen) 11%, 30 minor languages (primarily Balochi and Pashai) 4%, much bilingualism, but Dari functions as the lingua franca",647500
Åland Islands,Åland Islands,248,ALA,AX,NULL,+358,NULL,.ax,OH-,244,FI-AL,NULL,NULL,NULL,NULL,AX (unofficial),NULL,NULL,NULL,NULL,NULL,NULL,NULL,NULL,NULL,NULL,NULL,NULL
Albania,Albania,008,ALB,AL,LA,+355,ALB,.al,ZA-,276,AL,AA,201,ALB,AL,AL,530,ALB,AB,ZAA-ZAZ,783754,Europe,Tirana,Europe/Tirane,Lek,"sq,el","Albanian 98.8% (official - derived from Tosk dialect), Greek 0.5%, other 0.6% (including Macedonian, Roma, Vlach, Turkish, Italian, and Serbo-Croatian), unspecified 0.1% (2011 est.)",28748
Alderney,Alderney,NULL,NULL,NULL,NULL,+44,NULL,NULL,NULL,NULL,NULL,NULL,NULL,NULL,NULL,GBA,NULL,NULL,NULL,NULL,NULL,NULL,NULL,NULL,NULL,NULL,NULL,NULL
Algeria,Algeria,012,DZA,DZ,DA,+213,ALG,.dz,7T-,603,AG,AE,605,ALG,AG,DZ,316,ALG,AL,"7RA-7RZ, 7TA-7YZ",2589581,Africa,Algiers,Africa/Algiers,Dinar,ar-DZ,"Arabic (official), French (lingua franca), Berber dialects: Kabylie Berber (Tamazight), Chaouia Berber (Tachawit), Mzab Berber, Tuareg Berber (Tamahaq)",2381740
American Samoa,American Samoa,016,ASM,AS,NS,+1684,ASA,.as,N-,544,SS,AS,559,SMA,AQ,NULL,NULL,AMS,ZS,NULL,5880801,Oceania,Pago Pago,Pacific/Pago_Pago,Dollar,"en-AS,sm,to","Samoan 90.6% (closely related to Hawaiian and other Polynesian languages), English 2.9%, Tongan 2.4%, other Pacific islander 2.1%, other 2%",199
Andorra,Andorra,020,AND,AD,NULL,+376,AND,.ad,C3-,213,AN,AN,202,AND,AN,AND,NULL,AND,NULL,C3A-C3Z,3041565,Europe,Andorra la Vella,Europe/Andorra,Euro,ca,"Catalan (official), French, Castilian, Portuguese",468
Angola,Angola,024,AGO,AO,FN,+244,ANG,.ao,D2-,631,AO,AO,603,AGL,AO,ANG (unofficial),NULL,ANG,AN,D2A-D3Z,3351879,Africa,Luanda,Africa/Luanda,Kwanza,pt-AO,"Portuguese (official), Bantu and other African languages",1246700
Anguilla,Anguilla,660,AIA,AI,TQ,+1 264,NULL,.ai,VP-LA-,365,AV,AM,301,AIA,AV,AXA (unofficial),NULL,ANL,AI,NULL,3573511,North America,The Valley,America/Anguilla,Dollar,en-AI,English (official),102
Antarctica,Antarctica,010,ATA,AQ,"NZ, SA, SC",672,NULL,.aq,NULL,NULL,AY,AY,NULL,ATA,AY,NULL,NULL,NULL,AA,NULL,6697173,Antarctica,NULL,Antarctica/Troll,NULL,NULL,NULL,14000000
Antigua and Barbuda,Antigua and Barbuda,028,ATG,AG,TA,+1 268,ANT,.ag,V2-,344,AC,AQ,304,ATG,AC,AG (unofficial),NULL,ANT,AT,V2A-V2Z,3576396,North America,St. John's,America/Antigua,Dollar,en-AG,"English (official), local dialects",443
Argentina,Argentina,032,ARG,AR,SA,+54,ARG,.ar,"LQ-, LV-",722,AR,AG,701,ARG,AR,RA,778-779,ARG,AG,"AYA-AZZ,L2A-L9Z,LOA-LWZ",3865483,South America,Buenos Aires,America/Argentina/Buenos_Aires,Peso,"es-AR,en,it,de,fr,gn","Spanish (official), Italian, English, German, French, indigenous (Mapudungun, Quechua)",2766890
Armenia,Armenia,051,ARM,AM,UD,+374,ARM,.am,EK-,283,AM,AI,216,ARM,AM,AM,485,ARM,AY,EKA-EKZ,174982,Asia,Yerevan,Asia/Yerevan,Dram,hy,"Armenian (official) 97.9%, Kurdish (spoken by Yezidi minority) 1%, other 1% (2011 est.)",29800
Aruba,Aruba,533,ABW,AW,TN,+297,ARU,.aw,P4-,363,AA,AW,307,ABW,AA,NULL,NULL,ARU,AW,P4A-P4Z,3577279,North America,Oranjestad,America/Aruba,Guilder,"nl-AW,es,en","Papiamento (a Spanish-Portuguese-Dutch-English dialect) 69.4%, Spanish 13.7%, English (widely spoken) 7.1%, Dutch (official) 6.1%, Chinese 1.5%, other 1.7%, unspecified 0.4% (2010 est.)",193
Australia,Australia,036,AUS,AU,Y,+61,AUS,.au,VH-,505,AS,AT,503,AUS,AS,AUS,930-939,AUL,AU,"AXA-AXZ,VHA-VNZ,VZA-VZZ",2077456,Oceania,Canberra,Australia/Sydney,Dollar,en-AU,"English 76.8%, Mandarin 1.6%, Italian 1.4%, Arabic 1.3%, Greek 1.2%, Cantonese 1.2%, Vietnamese 1.1%, other 10.4%, unspecified 5% (2011 est.)",7686850
Austria,Austria,040,AUT,AT,LO,+43,AUT,.at,OE-,232,AU,AU,203,AUT,AU,A,900-919,AUS,OS,OEA-OEZ,2782113,Europe,Vienna,Europe/Vienna,Euro,"de-AT,hr,hu,sl","German (official nationwide) 88.6%, Turkish 2.3%, Serbian 2.2%, Croatian (official in Burgenland) 1.6%, other (includes Slovene, official in Carinthia, and Hungarian, official in Burgenland) 5.3% (2001 census)",83858
Azerbaijan,Azerbaijan,031,AZE,AZ,UB,+994,AZE,.az,4K-,400,AJ,AJ,423,AZE,AJ,AZ,476,AZE,AJ,4JA-4KZ,587116,Asia,Baku,Asia/Baku,Manat,"az,ru,hy","Azerbaijani (Azeri) (official) 92.5%, Russian 1.4%, Armenian 1.4%, other 4.7% (2009 est.)",86600
Bahamas,The Bahamas,044,BHS,BS,MY,+1 242,BAH,.bs,C6-,364,BF,BF,"308, 309, 311",BAH,BF,BS,NULL,BHA,BA,C6A-C6Z,3572887,North America,Nassau,America/Nassau,Dollar,en-BS,"English (official), Creole (among Haitian immigrants)",13940
Bahrain,Bahrain,048,BHR,BH,OB,+973,BRN,.bh,A9C-,426,BA,BA,408,BHR,BA,BRN,608,BAH,BN,A9A-A9Z,290291,Asia,Manama,Asia/Bahrain,Dinar,"ar-BH,en,fa,ur","Arabic (official), English, Farsi, Urdu",665
Bangladesh,Bangladesh,050,BGD,BD,VG,+880,BAN,.bd,S2-,470,BG,BG,405,BGD,BG,BD,NULL,NULL,BW,S2A-S3Z,1210997,Asia,Dhaka,Asia/Dhaka,Taka,"bn-BD,en","Bangla (official, also known as Bengali), English",144000
Barbados,Barbados,052,BRB,BB,TB,+1 246,BAR,.bb,8P-,342,BB,BB,314,BRB,BB,BDS,NULL,BAR,BR,8PA-8PZ,3374084,North America,Bridgetown,America/Barbados,Dollar,en-BB,"English (official), Bajan (English-based creole language, widely spoken in informal settings)",431
Belarus,Belarus,112,BLR,BY,UM,+375,BLR,.by,EW-,257,BO,BW,206,BLR,BO,BY,481,BYE,BY,EUA-EWZ,630336,Europe,Minsk,Europe/Minsk,Ruble,"be,ru","Belarusian (official) 23.4%, Russian (official) 70.2%, other 3.1% (includes small Polish- and Ukrainian-speaking minorities), unspecified 3.3% (2009 est.)",207600
Belgium,Belgium,056,BEL,BE,EB,+32,BEL,.be,OO-,206,BE,BE,205,BEL,BE,B,540-549,BEL,BX,ONA-OTZ,2802361,Europe,Brussels,Europe/Brussels,Euro,"nl-BE,fr-BE,de-BE","Dutch (official) 60%, French (official) 40%, German (official) less than 1%, legally bilingual (Dutch and French)",30510
Belize,Belize,084,BLZ,BZ,MZ,+501,BIZ,.bz,V3-,702,BH,BH,312,BLZ,BH,BH,NULL,BZE,BH,V3A-V3Z,3582678,North America,Belmopan,America/Belize,Dollar,"en-BZ,es","Spanish 46%, Creole 32.9%, Mayan dialects 8.9%, English 3.9% (official), Garifuna 3.4% (Carib), German 3.3%, other 1.4%, unknown 0.2% (2000 census)",22966
Benin,Benin,204,BEN,BJ,DB,+229,BEN,.bj,TY-,616,BN,DM,610,BEN,BN,DY,NULL,BEN,BJ,TYA-TYZ,2395170,Africa,Porto-Novo,Africa/Porto-Novo,Franc,fr-BJ,"French (official), Fon and Yoruba (most common vernaculars in south), tribal languages (at least six major ones in north)",112620
Bermuda,Bermuda,060,BMU,BM,TX,+1 441,BER,.bm,VR-B-,350,BD,BM,310,BER,BD,NULL,NULL,BER,BE,NULL,3573345,North America,Hamilton,Atlantic/Bermuda,Dollar,"en-BM,pt","English (official), Portuguese",53
Bhutan,Bhutan,064,BTN,BT,VQ,+975,BHU,.bt,A5-,402,BT,BT,410,BTN,BT,BHT (unofficial),NULL,BHU,B2,A5A-A5Z,1252634,Asia,Thimphu,Asia/Thimphu,Ngultrum,dz,"Sharchhopka 28%, Dzongkha (official) 24%, Lhotshamkha 22%, other 26% (includes foreign languages) (2005 est.)",47000
"Bolivia, Plurinational State of",Bolivia,068,BOL,BO,SL,+591,BOL,.bo,CP-,736,BL,BO,720,BOL,BL,BOL,777,BOL,BO,CPA-CPZ,3923057,South America,Sucre,America/La_Paz,Boliviano,"es-BO,qu,ay","Spanish (official) 60.7%, Quechua (official) 21.2%, Aymara (official) 14.6%, Guarani (official), foreign languages 2.4%, other 1.2%",1098580
Bosnia and Herzegovina,Bosnia and Herzegovina,070,BIH,BA,LQ,+387,BIH,.ba,T9-,218,BK,BN,478,BIH,BK,BIH,387,BIH,BG,E7A-E7Z,3277605,Europe,Sarajevo,Europe/Sarajevo,Marka,"bs,hr-BA,sr-BA","Bosnian (official), Croatian (official), Serbian (official)",51129
Botswana,Botswana,072,BWA,BW,FB,+267,BOT,.bw,A2-,652,BC,BS,611,BOT,BC,BW,NULL,BOT,BC,"8OA-8OZ, A2A-A2Z",933860,Africa,Gaborone,Africa/Gaborone,Pula,"en-BW,tn-BW","Setswana 78.2%, Kalanga 7.9%, Sekgalagadi 2.8%, English (official) 2.1%, other 8.6%, unspecified 0.4% (2001 census)",600370
Bouvet Island,Bouvet Island,074,BVT,BV,NULL,NULL,NULL,.bv,LN-,242,BV,BV,NULL,BVT,BV,NULL,NULL,NULL,BV,NULL,NULL,NULL,NULL,NULL,NULL,NULL,NULL,NULL
Brazil,Brazil,076,BRA,BR,"SB, SD, SN, SS, SW",+55,BRA,.br,"PP-, PR-, PT-, PU-",724,BR,BL,710,B,BR,BR,789-790,BRA,BZ,"PPA-PYZ, ZVA-ZZZ",3469034,South America,Brasilia,America/Sao_Paulo,Real,"pt-BR,es,en,fr",Portuguese (official and most widely spoken language),8511965
British Indian Ocean Territory,British Indian Ocean Territory,086,IOT,IO,FJ,+246,NULL,.io,G-,NULL,IO,BI,NULL,BIO,IO,NULL,NULL,NULL,BT,NULL,1282588,Asia,Diego Garcia,Indian/Chagos,Dollar,en-IO,English,60
Brunei Darussalam,Brunei,096,BRN,BN,WB,+673,BRU,.bn,V8-,528,BX,BX,508,BRU,BX,BRU,623,BRU,BD,V8A-V8Z,1820814,Asia,Bandar Seri Begawan,Asia/Brunei,Dollar,"ms-BN,en-BN","Malay (official), English, Chinese",5770
Bulgaria,Bulgaria,100,BGR,BG,LB,+359,BUL,.bg,LZ-,284,BU,BU,207,BUL,BU,BG,380,BUL,BU,LZA-LZZ,732800,Europe,Sofia,Europe/Sofia,Lev,"bg,tr-BG","Bulgarian (official) 76.8%, Turkish 8.2%, Roma 3.8%, other 0.7%, unspecified 10.5% (2011 est.)",110910
Burkina Faso,Burkina Faso,854,BFA,BF,DF,+226,BUR,.bf,XT-,613,UV,UV,633,BFA,UV,BF,NULL,BKF,HV,XTA-XTZ,2361809,Africa,Ouagadougou,Africa/Ouagadougou,Franc,fr-BF,"French (official), native African languages belonging to Sudanic family spoken by 90% of the population",274200
Myanmar,Burma,104,MMR,MM,"VB, VY",+95,MYA,.mm,"XY-, XZ-",414,BM,BR,506,BRM,BM,BUR,NULL,MYA,BM,XYA-XZZ,1327865,Asia,Nay Pyi Taw,Asia/Rangoon,Kyat,my,Burmese (official),678500
Burundi,Burundi,108,BDI,BI,HB,+257,BDI,.bi,9U-,642,BY,BD,609,BDI,BY,RU,NULL,BDI,BI,9UA-9UZ,433561,Africa,Bujumbura,Africa/Bujumbura,Franc,"fr-BI,rn","Kirundi 29.7% (official), Kirundi and other language 9.1%, French (official) and French and other language 0.3%, Swahili and Swahili and other language 0.2% (along Lake Tanganyika and in the Bujumbura area), English and English and other language 0.06%, more than 2 languages 3.7%, unspecified 56.9% (2008 est.)",27830
Cambodia,Cambodia,116,KHM,KH,VD,+855,CAM,.kh,XU-,456,CB,CB,"514, 515",CBG,CB,K,884,CMB,KP,XUA-XUZ,1831722,Asia,Phnom Penh,Asia/Phnom_Penh,Riels,"km,fr,en","Khmer (official) 96.3%, other 3.7% (2008 est.)",181040
Cameroon,Cameroon,120,CMR,CM,FK,+237,CMR,.cm,TJ-,624,CM,CM,613,CME,CM,CAM,NULL,CMR,CM,TJA-TJZ,2233387,Africa,Yaounde,Africa/Douala,Franc,"en-CM,fr-CM","24 major African language groups, English (official), French (official)",475440
Canada,Canada,124,CAN,CA,C,+1,CAN,.ca,"C-, CF-, CG-",302,CA,XXC,316,CAN,CA,CDN,"000-139, 754-755",CAN,CN,"CFA-CKZ, CYA-CZZ, VAA-VGZ
VOA-VOZ, VXA-VYZ, XJA-XOZ",6251999,North America,Ottawa,America/Toronto,Dollar,"en-CA,fr-CA,iu","English (official) 58.7%, French (official) 22%, Punjabi 1.4%, Italian 1.3%, Spanish 1.3%, German 1.3%, Cantonese 1.2%, Tagalog 1.2%, Arabic 1.1%, other 10.5% (2011 est.)",9984670
Cape Verde,Cape Verde,132,CPV,CV,GV,+238,CPV,.cv,D4-,625,CV,CV,617,CPV,CV,CV (unofficial),NULL,CVI,CV,D4A-D4Z,3374766,Africa,Praia,Atlantic/Cape_Verde,Escudo,pt-CV,"Portuguese (official), Crioulo (a blend of Portuguese and West African words)",4033
"Bonaire, Sint Eustatius and Saba",Caribbean Netherlands,535,BES,BQ,TN,+599,NULL,.bq,NULL,NULL,NULL,NULL,NULL,NULL,NULL,NULL,NULL,NULL,NULL,PJA-PJZ,NULL,NULL,NULL,NULL,NULL,NULL,NULL,NULL
Cayman Islands,Cayman Islands,136,CYM,KY,MW,+1 345,CAY,.ky,VR-C-,346,CJ,CJ,319,CYM,CJ,NULL,NULL,CAY,GC,NULL,3580718,North America,George Town,America/Cayman,Dollar,en-KY,"English (official) 90.9%, Spanish 4%, Filipino 3.3%, other 1.7%, unspecified 0.1% (2010 est.)",262
Central African Republic,Central African Republic,140,CAF,CF,FE,+236,CAF,.cf,TL-,623,CT,CX,612,CAF,CT,RCA,NULL,CAF,CE,TLA-TLZ,239880,Africa,Bangui,Africa/Bangui,Franc,"fr-CF,sg,ln,kg","French (official), Sangho (lingua franca and national language), tribal languages",622984
Chad,Chad,148,TCD,TD,FT,+235,CHA,.td,TT-,622,CD,CD,670,TCD,CD,"TCH, TD",NULL,CHD,CD,TTA-TTZ,2434508,Africa,N'Djamena,Africa/Ndjamena,Franc,"fr-TD,ar-TD,sre","French (official), Arabic (official), Sara (in south), more than 120 different languages and dialects",1284000
Chile,Chile,152,CHL,CL,"SC, NE",+56,CHI,.cl,CC-,730,CI,CL,725,CHL,CI,RCH,780,CHI,CH,"3GA-3GZ,CAA-CEZ,XQA-XRZ",3895114,South America,Santiago,America/Santiago,Peso,es-CL,"Spanish 99.5% (official), English 10.2%, indigenous 1% (includes Mapudungun, Aymara, Quechua, Rapa Nui), other 2.3%, unspecified 0.2%",756950
China,China,156,CHN,CN,"ZB, ZG, ZH, ZJ, ZL, ZP
ZS, ZT, ZU, ZW, ZY[note 1]",+86,CHN,.cn,B-,"460, 461",CH,CC,"412, 413",CHN,CH,PRC (unofficial),690-695,CPR,CI,"3HA-3UZ,BAA-BZZ,XSA-XSZ",1814991,Asia,Beijing,Asia/Shanghai,Yuan Renminbi,"zh-CN,yue,wuu,dta,ug,za","Standard Chinese or Mandarin (official; Putonghua, based on the Beijing dialect), Yue (Cantonese), Wu (Shanghainese), Minbei (Fuzhou), Minnan (Hokkien-Taiwanese), Xiang, Gan, Hakka dialects, minority languages",9596960
Christmas Island,Christmas Island,162,CXR,CX,YP,+61,NULL,.cx,VH-,505,KT,XA,516,CHR,KT,NULL,NULL,NULL,KI,NULL,2078138,Asia,Flying Fish Cove,Indian/Christmas,Dollar,"en,zh,ms-CC","English (official), Chinese, Malay",135
Cocos (Keeling) Islands,Cocos (Keeling) Islands,166,CCK,CC,NULL,+61,NULL,.cc,VH-,505,CK,XB,523,ICO,CK,NULL,NULL,NULL,KK,NULL,1547376,Asia,West Island,Indian/Cocos,Dollar,"ms-CC,en","Malay (Cocos dialect), English",14
Colombia,Colombia,170,COL,CO,SK,+57,COL,.co,"HJ-, HK-",732,CO,CK,730,CLM,CO,CO,770-771,COL,CO,"5JA-5KZ, HJA-HKZ",3686110,South America,Bogota,America/Bogota,Peso,es-CO,Spanish (official),1138910
Comoros,Comoros,174,COM,KM,FMC,+269,COM,.km,D6-,654,CN,CQ,616,COM,CN,COM (unofficial),NULL,COI,IC,D6A-D6Z,921929,Africa,Moroni,Indian/Comoro,Franc,"ar,fr-KM","Arabic (official), French (official), Shikomoro (a blend of Swahili and Arabic)",2170
"Congo, The Democratic Republic of the",Democratic Republic of the Congo,180,COD,CD,FZ,+243,COD,.cd,9Q-,630,CG,CG,676,COD,CG,ZRE,NULL,ZAI[note 2],ZR,9OA-9TZ,203312,Africa,Kinshasa,Africa/Kinshasa,Franc,"fr-CD,ln,kg","French (official), Lingala (a lingua franca trade language), Kingwana (a dialect of Kiswahili or Swahili), Kikongo, Tshiluba",2345410
Congo,Republic of the Congo,178,COG,CG,FC,+242,CGO,.cg,TN-,629,CF,CF,615,COG,CF,RCB,NULL,PRC[note 3],CG,TNA-TNZ,2260494,Africa,Brazzaville,Africa/Brazzaville,Franc,"fr-CG,kg,ln-CG","French (official), Lingala and Monokutuba (lingua franca trade languages), many local languages and dialects (of which Kikongo is the most widespread)",342000
Cook Islands,Cook Islands,184,COK,CK,NC,+682,COK,.ck,NULL,548,CW,CW,518,CKH,CW,COK (unofficial),NULL,CKI,KU,E5A-E5Z,1899402,Oceania,Avarua,Pacific/Rarotonga,Dollar,"en-CK,mi","English (official) 86.4%, Cook Islands Maori (Rarotongan) (official) 76.2%, other 8.3%",240
Costa Rica,Costa Rica,188,CRI,CR,MR,+506,CRC,.cr,TI-,712,CS,CR,321,CTR,CS,CR,744,COS,CS,"TEA-TEZ, TIA-TIZ",3624060,North America,San Jose,America/Costa_Rica,Colon,"es-CR,en","Spanish (official), English",51100
Croatia,Croatia,191,HRV,HR,LD,+385,CRO,.hr,9A-,219,HR,CI,238,HRV,HR,HR,385,CRO,HR,9AA-9AZ,3202326,Europe,Zagreb,Europe/Zagreb,Kuna,"hr-HR,sr","Croatian (official) 95.6%, Serbian 1.2%, other 3% (including Hungarian, Czech, Slovak, and Albanian), unspecified 0.2% (2011 est.)",56542
Cuba,Cuba,192,CUB,CU,MU,+53,CUB,.cu,CU-,368,CU,CU,323,CUB,CU,CU,850,CUB,CU,"CLA-CMZ,COA-COZ,T4A-T4Z",3562981,North America,Havana,America/Havana,Peso,es-CU,Spanish (official),110860
Curaçao,Curaçao,531,CUW,CW,TN,+599,NULL,.cw,NULL,362,NULL,NA,306,CUW,NULL,NULL,NULL,NULL,NU,PJA-PJZ,7626836,North America,Willemstad,America/Curacao,Guilder,"nl,pap","Papiamentu (a Spanish-Portuguese-Dutch-English dialect) 81.2%, Dutch (official) 8%, Spanish 4%, English 2.9%, other 3.9% (2001 census)",444
Cyprus,Cyprus,196,CYP,CY,LC,+357,CYP,.cy,5B-,280,CY,CY,"209, 210, 212",CYP,CY,CY,529,CYP,CY,"5BA-5BZ, C4A-C4Z
H2A-H2Z, P3A-P3Z",146669,Europe,Nicosia,Asia/Nicosia,Euro,"el-CY,tr-CY,en","Greek (official) 80.9%, Turkish (official) 0.2%, English 4.1%, Romanian 2.9%, Russian 2.5%, Bulgarian 2.2%, Arabic 1.2%, Filippino 1.1%, other 4.3%, unspecified 0.6% (2011 est.)",9250
Czech Republic,Czech Republic,203,CZE,CZ,LK,+420,CZE,.cz,OK-,230,CZ,XR,270,CZE,EZ,CZ,859,CEH,CZ,OKA-OLZ,3077311,Europe,Prague,Europe/Prague,Koruna,"cs,sk","Czech 95.4%, Slovak 1.6%, other 3% (2011 census)",78866
Denmark,Denmark,208,DNK,DK,EK[notes 1],+45,DEN,.dk,OY-,238,DA,DK,"219, 220",DNK,DA,DK,570-579,DEN,DN,"5PA-5QZ,OUA-OZZ,XPA-XPZ",2623032,Europe,Copenhagen,Europe/Copenhagen,Krone,"da-DK,en,fo,de-DK","Danish, Faroese, Greenlandic (an Inuit dialect), German (small minority)",43094
Djibouti,Djibouti,262,DJI,DJ,HD,+253,DJI,.dj,J2-,638,DJ,FT,621,DJI,DJ,DJI (unofficial),NULL,DJI,DJ,J2A-J2Z,223816,Africa,Djibouti,Africa/Djibouti,Franc,"fr-DJ,ar,so-DJ,aa","French (official), Arabic (official), Somali, Afar",23000
Dominica,Dominica,212,DMA,DM,TD,+1 767,DMA,.dm,J7-,356,DO,DQ,325,DMA,DO,WD,NULL,DMI,DO,J7A-J7Z,3575830,North America,Roseau,America/Dominica,Dollar,en-DM,"English (official), French patois",754
Dominican Republic,Dominican Republic,214,DOM,DO,MD,"+1 809, +1 829, +1 849",DOM,.do,HI-,370,DR,DR,327,DOM,DR,DOM,746,DOM,DR,HIA-HIZ,3508796,North America,Santo Domingo,America/Santo_Domingo,Peso,es-DO,Spanish (official),48730
Ecuador,Ecuador,218,ECU,EC,SE,+593,ECU,.ec,HC-,740,EC,EC,735,EQA,EC,EC,786,ECU,EQ,HCA-HDZ,3658394,South America,Quito,America/Guayaquil,Dollar,es-EC,"Spanish (Castillian) 93% (official), Quechua 4.1%, other indigenous 0.7%, foreign 2.2%",283560
Egypt,Egypt,818,EGY,EG,HE,+20,EGY,.eg,SU-,602,EG,UA,622,EGY,EG,ET,622,EGY,EG,"6AA-6BZ,SSA-SSM,SUA-SUZ",357994,Africa,Cairo,Africa/Cairo,Pound,"ar-EG,en,fr","Arabic (official), English and French widely understood by educated classes",1001450
El Salvador,El Salvador,222,SLV,SV,MS,+503,ESA,.sv,YS-,706,ES,ES,359,SLV,ES,ES,741,ELS,ES,"HUA-HUZ, YSA-YSZ",3585968,North America,San Salvador,America/El_Salvador,Dollar,es-SV,"Spanish (official), Nahua (among some Amerindians)",21040
Equatorial Guinea,Equatorial Guinea,226,GNQ,GQ,FG,+240,GEQ,.gq,3C-,627,EK,EG,631,GNE,EK,GQ (unofficial),NULL,EQG,GQ,3CA-3CZ,2309096,Africa,Malabo,Africa/Malabo,Franc,"es-GQ,fr","Spanish (official) 67.6%, other (includes French (official), Fang, Bubi) 32.4% (1994 census)",28051
Eritrea,Eritrea,232,ERI,ER,HH,+291,ERI,.er,E3-,657,ER,EA,625,ERI,ER,ER,NULL,ERI,E1,E3A-E3Z,338010,Africa,Asmara,Africa/Asmara,Nakfa,"aa-ER,ar,tig,kun,ti-ER","Tigrinya (official), Arabic (official), English (official), Tigre, Kunama, Afar, other Cushitic languages",121320
Estonia,Estonia,233,EST,EE,EE,+372,EST,.ee,ES-,248,EN,ER,276,EST,EN,EST,474,EST,EO,ESA-ESZ,453733,Europe,Tallinn,Europe/Tallinn,Euro,"et,ru","Estonian (official) 68.5%, Russian 29.6%, Ukrainian 0.6%, other 1.2%, unspecified 0.1% (2011 est.)",45226
Ethiopia,Ethiopia,231,ETH,ET,HA,+251,ETH,.et,ET-,636,ET,ET,624,ETH,ET,ETH,NULL,ETH,ET,"9EA-9FZ, ETA-ETZ",337996,Africa,Addis Ababa,Africa/Addis_Ababa,Birr,"am,en-ET,om-ET,ti-ET,so-ET,sid","Oromo (official working language in the State of Oromiya) 33.8%, Amharic (official national language) 29.3%, Somali (official working language of the State of Sumale) 6.2%, Tigrigna (Tigrinya) (official working language of the State of Tigray) 5.9%, Sidamo 4%, Wolaytta 2.2%, Gurage 2%, Afar (official working language of the State of Afar) 1.7%, Hadiyya 1.7%, Gamo 1.5%, Gedeo 1.3%, Opuuo 1.2%, Kafa 1.1%, other 8.1%, English (major foreign language taught in schools), Arabic (2007 est.)",1127127
Falkland Islands (Malvinas),Falkland Islands,238,FLK,FK,SF,+500,NULL,.fk,VP-F-,NULL,FK,FK,740,FLK,FK,NULL,NULL,NULL,FK,NULL,3474414,South America,Stanley,Atlantic/Stanley,Pound,en-FK,"English 89%, Spanish 7.7%, other 3.3% (2006 est.)",12173
Faroe Islands,Faroe Islands,234,FRO,FO,NULL,+298,FAR,.fo,G-,288,FO,FA,231,FRO,FO,FO,NULL,NULL,FA,NULL,2622320,Europe,Torshavn,Atlantic/Faroe,Krone,"fo,da-FO","Faroese (derived from Old Norse), Danish",1399
Fiji,Fiji,242,FJI,FJ,NF,+679,FIJ,.fj,DQ-,542,FJ,FJ,520,FJI,FJ,FJI,NULL,FIJ,FJ,3DN-3DZ,2205218,Oceania,Suva,Pacific/Fiji,Dollar,"en-FJ,fj","English (official), Fijian (official), Hindustani",18270
Finland,Finland,246,FIN,FI,EF,+358,FIN,.fi,OH-,244,FI,FI,230,FIN,FI,FIN,640-649,FIN,FI,OFA-OJZ,660013,Europe,Helsinki,Europe/Helsinki,Euro,"fi-FI,sv-FI,smn","Finnish (official) 94.2%, Swedish (official) 5.5%, other (small Sami- and Russian-speaking minorities) 0.2% (2012 est.)",337030
France,France,250,FRA,FR,LF,+33,FRA,.fr,F-,208,FR,FR,226-228,F,FR,F,300-379,FRA,FR,"FAA-FZZ, HWA-HYZ, THA-THZ, TKA-TKZ
TMA-TMZ, TOA-TQZ, TVA-TXZ",3017382,Europe,Paris,Europe/Paris,Euro,"fr-FR,frp,br,co,ca,eu,oc","French (official) 100%, rapidly declining regional dialects and languages (Provencal, Breton, Alsatian, Corsican, Catalan, Basque, Flemish)",547030
French Guiana,French Guiana,254,GUF,GF,SO,+594,NULL,.gf,F-,742,FG,FG,745,GUF,FG,F,NULL,FGU,FG,NULL,NULL,NULL,NULL,NULL,NULL,NULL,NULL,NULL
French Polynesia,French Polynesia,258,PYF,PF,NT,+689,NULL,.pf,F-,547,FP,FP,546,OCE,FP,F,NULL,FPL,PF,NULL,4030656,Oceania,Papeete,Pacific/Tahiti,Franc,"fr-PF,ty","French (official) 61.1%, Polynesian (official) 31.4%, Asian languages 1.2%, other 0.3%, unspecified 6% (2002 census)",4167
French Southern Territories,French Southern and Antarctic Lands,260,ATF,TF,NULL,NULL,NULL,.tf,F-,NULL,FS,FS,501,NULL,FS,F,NULL,NULL,FR,NULL,NULL,NULL,NULL,NULL,NULL,NULL,NULL,NULL
Gabon,Gabon,266,GAB,GA,FO,+241,GAB,.ga,TR-,628,GB,GO,626,GAB,GB,G,NULL,GAB,GO,TRA-TRZ,2400553,Africa,Libreville,Africa/Libreville,Franc,fr-GA,"French (official), Fang, Myene, Nzebi, Bapounou/Eschira, Bandjabi",267667
Gambia,The Gambia,270,GMB,GM,GB,+220,GAM,.gm,C5-,607,GA,GM,629,GMB,GA,WAG,NULL,GAM,GB,C5A-C5Z,2413451,Africa,Banjul,Africa/Banjul,Dalasi,"en-GM,mnk,wof,wo,ff","English (official), Mandinka, Wolof, Fula, other indigenous vernaculars",11300
Georgia,Georgia (country),268,GEO,GE,UG,+995,GEO,.ge,4L-,282,GG,GS,213,GEO,GG,GE,486,GEO,GG,4LA-4LZ,614540,Asia,Tbilisi,Asia/Tbilisi,Lari,"ka,ru,hy,az","Georgian (official) 71%, Russian 9%, Armenian 7%, Azeri 6%, other 7%",69700
Germany,Germany,276,DEU,DE,"ED, ET",+49,GER,.de,D-,262,GE,GW,"211, 218",D,GM,D,400-440,GER,DL,"DAA-DRZ, Y2A-Y9Z",2921044,Europe,Berlin,Europe/Berlin,Euro,de,German (official),357021
Ghana,Ghana,288,GHA,GH,DG,+233,GHA,.gh,9G-,620,GH,GH,627,GHA,GH,GH,603,GHA,GH,9GA-9GZ,2300660,Africa,Accra,Africa/Accra,Cedi,"en-GH,ak,ee,tw","Asante 14.8%, Ewe 12.7%, Fante 9.9%, Boron (Brong) 4.6%, Dagomba 4.3%, Dangme 4.3%, Dagarte (Dagaba) 3.7%, Akyem 3.4%, Ga 3.4%, Akuapem 2.9%, other (includes English (official)) 36.1% (2000 census)",239460
Gibraltar,Gibraltar,292,GIB,GI,LX,+350,NULL,.gi,VR-G-,266,GI,GI,236,GIB,GI,GBZ,NULL,NULL,GI,NULL,2411586,Europe,Gibraltar,Europe/Gibraltar,Pound,"en-GI,es,it,pt","English (used in schools and for official purposes), Spanish, Italian, Portuguese",7
Greece,Greece,300,GRC,GR,LG,+30,GRE,.gr,SX-,202,GR,GR,"237, 239, 240, 241",GRC,GR,GR,520-521,GRE,GR,"J4A-J4Z, SVA-SZZ",390903,Europe,Athens,Europe/Athens,Euro,"el-GR,en,fr","Greek (official) 99%, other (includes English and French) 1%",131940
Greenland,Greenland,304,GRL,GL,BG,+299,NULL,.gl,OY-,290,GL,GL,331,GRL,GL,KN (unofficial),NULL,NULL,GL,NULL,3425505,North America,Nuuk,America/Godthab,Krone,"kl,da-GL,en","Greenlandic (East Inuit) (official), Danish (official), English",2166086
Grenada,Grenada,308,GRD,GD,TG,+1 473,GRN,.gd,J3-,352,GJ,GD,330,GRD,GJ,WG,NULL,GRN,GD,J3A-J3Z,3580239,North America,St. George's,America/Grenada,Dollar,en-GD,"English (official), French patois",344
Guadeloupe,Guadeloupe,312,GLP,GP,TF,+590,NULL,.gp,F-,340,GP,GP,329,GDL,GP,NULL,NULL,GUD,MF,NULL,NULL,NULL,NULL,NULL,NULL,NULL,NULL,NULL
Guam,Guam,316,GUM,GU,PG,+1 671,GUM,.gu,N-,535,GQ,GU,NULL,GUM,GQ,NULL,NULL,NULL,GM,NULL,4043988,Oceania,Hagatna,Pacific/Guam,Dollar,"en-GU,ch-GU","English 43.6%, Filipino 21.2%, Chamorro 17.8%, other Pacific island languages 10%, Asian languages 6.3%, other 1.1% (2010 est.)",549
Guatemala,Guatemala,320,GTM,GT,MG,+502,GUA,.gt,TG-,704,GT,GT,332,GTM,GT,GCA,740,GUA,GU,"TDA-TDZ, TGA-TGZ",3595528,North America,Guatemala City,America/Guatemala,Quetzal,es-GT,"Spanish (official) 60%, Amerindian languages 40%",108890
Guernsey,Guernsey,831,GGY,GG,NULL,NULL,NULL,.gg,NULL,NULL,NULL,NULL,NULL,NULL,NULL,GBG,NULL,NULL,NULL,NULL,3042362,Europe,St Peter Port,Europe/Guernsey,Pound,"en,fr","English, French, Norman-French dialect spoken in country districts",78
Guinea,Guinea,324,GIN,GN,GU,+224,GUI,.gn,3X-,611,GV,GV,632,GUI,GV,RG,NULL,GUI,GN,3XA-3XZ,2420477,Africa,Conakry,Africa/Conakry,Franc,fr-GN,French (official),245857
Guinea-Bissau,Guinea-Bissau,624,GNB,GW,GG,+245,GBS,.gw,J5-,632,PU,PG,630,GNB,PU,GW (unofficial),NULL,GBS,GW,J5A-J5Z,2372248,Africa,Bissau,Africa/Bissau,Franc,"pt-GW,pov","Portuguese (official), Crioulo, African languages",36120
Guyana,Guyana,328,GUY,GY,SY,+592,GUY,.gy,8R-,738,GY,GY,750,GUY,GY,GUY,NULL,GUY,GY,8RA-8RZ,3378535,South America,Georgetown,America/Guyana,Dollar,en-GY,"English, Amerindian dialects, Creole, Caribbean Hindustani (a dialect of Hindi), Urdu",214970
Haiti,Haiti,332,HTI,HT,MT,+509,HAI,.ht,HH-,372,HA,HT,336,HTI,HA,RH,NULL,HAI,HA,"4VA-4VZ, HHA-HHZ",3723988,North America,Port-au-Prince,America/Port-au-Prince,Gourde,"ht,fr-HT","French (official), Creole (official)",27750
Heard Island and McDonald Islands,Heard Island and McDonald Islands,334,HMD,HM,NULL,+672,NULL,.hm,VH-,505,HM,HM,NULL,HMD,HM,NULL,NULL,NULL,NULL,NULL,NULL,NULL,NULL,NULL,NULL,NULL,NULL,NULL
Honduras,Honduras,340,HND,HN,MH,+504,HON,.hn,HR-,708,HO,HO,334,HND,HO,HN (unofficial),742,HON,HO,HQA-HRZ,3608932,North America,Tegucigalpa,America/Tegucigalpa,Lempira,es-HN,"Spanish (official), Amerindian dialects",112090
Hong Kong,Hong Kong,344,HKG,HK,VH,+852,HKG,.hk,B-H/B-K/B-L,454,HK,HK,477,HKG,HK,HK (officially obsolete),489,HOK,HK,VRA-VRZ,1819730,Asia,Hong Kong,Asia/Hong_Kong,Dollar,"zh-HK,yue,zh,en","Cantonese (official) 89.5%, English (official) 3.5%, Putonghua (Mandarin) 1.4%, other Chinese dialects 4%, other 1.6% (2011 est.)",1092
Hungary,Hungary,348,HUN,HU,LH,+36,HUN,.hu,HA-,216,HU,HU,243,HNG,HU,H,599,HUN,HU,HAA-HGZ,719819,Europe,Budapest,Europe/Budapest,Forint,hu-HU,"Hungarian (official) 99.6%, English 16%, German 11.2%, Russian 1.6%, Romanian 1.3%, French 1.2%, other 4.2%",93030
Iceland,Iceland,352,ISL,IS,BI,+354,ISL,.is,TF-,274,IC,IC,251,ISL,IC,IS,569,ICE,IL,TFA-TFZ,2629691,Europe,Reykjavik,Atlantic/Reykjavik,Krona,"is,en,de,da,sv,no","Icelandic, English, Nordic languages, German widely spoken",103000
India,India,356,IND,IN,"VA, VE, VI, VO",+91,IND,.in,VT-,404,IN,II,419,IND,IN,IND,890,IND,IN,"8TA-8YZ,ATA-AWZ,VTA-VWZ",1269750,Asia,New Delhi,Asia/Kolkata,Rupee,"en-IN,hi,bn,te,mr,ta,ur,gu,kn,ml,or,pa,as,bh,sat,ks,ne,sd,kok,doi,mni,sit,sa,fr,lus,inc","Hindi 41%, Bengali 8.1%, Telugu 7.2%, Marathi 7%, Tamil 5.9%, Urdu 5%, Gujarati 4.5%, Kannada 3.7%, Malayalam 3.2%, Oriya 3.2%, Punjabi 2.8%, Assamese 1.3%, Maithili 1.2%, other 5.9%",3287590
Indonesia,Indonesia,360,IDN,ID,"WA, WI",+62,INA,.id,PK-,510,ID,IO,525,INS,ID,RI,899,INS,ID,"7AA-7IZ, 8AA-8IZ, JZA-JZZ,
PKA-POZ, YBA-YHZ",1643084,Asia,Jakarta,Asia/Jakarta,Rupiah,"id,en,nl,jv","Bahasa Indonesia (official, modified form of Malay), English, Dutch, local dialects (of which the most widely spoken is Javanese)",1919440
"Iran, Islamic Republic of",Iran,364,IRN,IR,OI,+98,IRI,.ir,EP-,432,IR,IR,422,IRN,IR,IR,626,IRA,IR,"9BA-9DZ, EPA-EQZ",130758,Asia,Tehran,Asia/Tehran,Rial,"fa-IR,ku","Persian (official) 53%, Azeri Turkic and Turkic dialects 18%, Kurdish 10%, Gilaki and Mazandarani 7%, Luri 6%, Balochi 2%, Arabic 2%, other 2%",1648000
Iraq,Iraq,368,IRQ,IQ,OR,+964,IRQ,.iq,YI-,418,IZ,IQ,425,IRQ,IZ,IRQ,NULL,IRQ,IQ,"HNA-HNZ, YIA-YIZ",99237,Asia,Baghdad,Asia/Baghdad,Dinar,"ar-IQ,ku,hy","Arabic (official), Kurdish (official), Turkmen (a Turkish dialect) and Assyrian (Neo-Aramaic) are official in areas where they constitute a majority of the population), Armenian",437072
Ireland,Republic of Ireland,372,IRL,IE,EI,+353,IRL,.ie,EI-,272,EI,IE,250,IRL,EI,IRL,539,IRE,IE,EIA-EJZ,2963597,Europe,Dublin,Europe/Dublin,Euro,"en-IE,ga-IE","English (official, the language generally used), Irish (Gaelic or Gaeilge) (official, spoken mainly in areas along the western coast)",70280
Israel,Israel,376,ISR,IL,LL,+972,ISR,.il,4X-,425,IS,IS,428,ISR,IS,IL,729,ISR,IS,"4XA-4XZ, 4ZA,4ZZ",294640,Asia,Jerusalem,Asia/Jerusalem,Shekel,"he,ar-IL,en-IL,","Hebrew (official), Arabic (used officially for Arab minority), English (most commonly used foreign language)",20770
Italy,Italy,380,ITA,IT,LI,+39,ITA,.it,I-,222,IT,IT,247,I,IT,I,800-839,ITA,IY,IAA-IZZ,3175395,Europe,Rome,Europe/Rome,Euro,"it-IT,de-IT,fr-IT,sc,ca,co,sl","Italian (official), German (parts of Trentino-Alto Adige region are predominantly German-speaking), French (small French-speaking minority in Valle d'Aosta region), Slovene (Slovene-speaking minority in the Trieste-Gorizia area)",301230
Côte d'Ivoire,Ivory Coast,384,CIV,CI,DI,+225,CIV,.ci,TU-,612,IV,IV,619,CTI,IV,CI,NULL,IVC[notes 1],IV,TUA-TUZ,2287781,Africa,Yamoussoukro,Africa/Abidjan,Franc,fr-CI,"French (official), 60 native dialects of which Dioula is the most widely spoken",322460
Jamaica,Jamaica,388,JAM,JM,MK,+1 876,JAM,.jm,6Y-,338,JM,JM,339,JMC,JM,JA,NULL,JAM,JM,6YA-6YZ,3489940,North America,Kingston,America/Jamaica,Dollar,en-JM,"English, English patois",10991
Japan,Japan,392,JPN,JP,"RJ, RO",+81,JPN,.jp,JA-,441,JA,JA,"431, 432",J,JA,J,450-459,JPN,JP,"7JA-7NZ,8JA-8NZ,JAA-JSZ",1861060,Asia,Tokyo,Asia/Tokyo,Yen,ja,Japanese,377835
Jersey,Jersey,832,JEY,JE,NULL,+44,NULL,.je,NULL,NULL,NULL,NULL,NULL,NULL,JE,GBJ,NULL,NULL,NULL,NULL,3042142,Europe,Saint Helier,Europe/Jersey,Pound,"en,pt","English 94.5% (official), Portuguese 4.6%, other 0.9% (2001 census)",116
Jordan,Jordan,400,JOR,JO,OJ,+962,JOR,.jo,JY-,416,JO,JO,438,JOR,JO,HKJ,625,JOR,JD,JYA-JYZ,248816,Asia,Amman,Asia/Amman,Dinar,"ar-JO,en","Arabic (official), English (widely understood among upper and middle classes)",92300
Kazakhstan,Kazakhstan,398,KAZ,KZ,UA,+7,KAZ,.kz,UN-,401,KZ,KZ,436,KAZ,KZ,KZ,487,KAZ,KZ,UNA-UQZ,1522867,Asia,Astana,Asia/Almaty,Tenge,"kk,ru","Kazakh (official, Qazaq) 64.4%, Russian (official, used in everyday business, designated the ""language of interethnic communication"") 95% (2001 est.)",2717300
Kenya,Kenya,404,KEN,KE,HK,+254,KEN,.ke,5Y-,639,KE,KE,634,KEN,KE,EAK,616,KEN,KN,5YA-5ZZ,192950,Africa,Nairobi,Africa/Nairobi,Shilling,"en-KE,sw-KE","English (official), Kiswahili (official), numerous indigenous languages",582650
Kiribati,Kiribati,296,KIR,KI,NG,+686,KIR,.ki,T3-,545,KR,GB,529,KIR,KR,KIR (unofficial),NULL,KIR,KB,T3A-T3Z,4030945,Oceania,Tarawa,Pacific/Tarawa,Dollar,"en-KI,gil","I-Kiribati, English (official)",811
"Korea, Democratic People's Republic of",North Korea,408,PRK,KP,ZK,+850,PRK,.kp,P-,467,KN,KN,445,KRE,KN,KP (unofficial),867,DRK[notes 1],KR,"HMA-HMZ, P5A-P9Z",1873107,Asia,Pyongyang,Asia/Pyongyang,Won,ko-KP,Korean,120540
"Korea, Republic of",South Korea,410,KOR,KR,RK,+82,KOR,.kr,HL-,450,KS,KO,"440, 441",KOR,KS,ROK,880,ROK[notes 2],KO,"6KA-6NZ, D7A-D9Z
DSA-DTZ, HLA-HLZ",1835841,Asia,Seoul,Asia/Seoul,Won,"ko-KR,en","Korean, English (widely taught in junior high and high school)",98480
Kuwait,Kuwait,414,KWT,KW,OK,+965,KUW,.kw,9K-,419,KU,KU,447,KWT,KU,KWT,627,KUW,KW,9KA-9KZ,285570,Asia,Kuwait City,Asia/Kuwait,Dinar,"ar-KW,en","Arabic (official), English widely spoken",17820
Kyrgyzstan,Kyrgyzstan,417,KGZ,KG,UA,+996,KGZ,.kg,EX-,437,KG,KG,NULL,KGZ,KG,KS,470,KYR,KY,EXA-EXZ,1527747,Asia,Bishkek,Asia/Bishkek,Som,"ky,uz,ru","Kyrgyz (official) 64.7%, Uzbek 13.6%, Russian (official) 12.5%, Dungun 1%, other 8.2% (1999 census)",198500
Lao People's Democratic Republic,Laos,418,LAO,LA,VL,+856,LAO,.la,RDPL-,457,LA,LS,531,LAO,LA,LAO,NULL,LAO,LA,XWA-XWZ,1655842,Asia,Vientiane,Asia/Vientiane,Kip,"lo,fr,en","Lao (official), French, English, various ethnic languages",236800
Latvia,Latvia,428,LVA,LV,EV,+371,LAT,.lv,YL-,247,LG,LV,275,LVA,LG,LV,475,LAT,LV,YLA-YLZ,458258,Europe,Riga,Europe/Riga,Euro,"lv,ru,lt","Latvian (official) 56.3%, Russian 33.8%, other 0.6% (includes Polish, Ukrainian, and Belarusian), unspecified 9.4% (2011 est.)",64589
Lebanon,Lebanon,422,LBN,LB,OL,+961,LIB,.lb,OD-,415,LE,LE,450,LBN,LE,RL,528,LEB,LB,ODA-ODZ,272103,Asia,Beirut,Asia/Beirut,Pound,"ar-LB,fr-LB,en,hy","Arabic (official), French, English, Armenian",10400
Lesotho,Lesotho,426,LSO,LS,FX,+266,LES,.ls,7P-,651,LT,LO,644,LSO,LT,LS,NULL,LES,LS,7PA-7PZ,932692,Africa,Maseru,Africa/Maseru,Loti,"en-LS,st,zu,xh","Sesotho (official) (southern Sotho), English (official), Zulu, Xhosa",30355
Liberia,Liberia,430,LBR,LR,GL,+231,LBR,.lr,EL-,618,LI,LB,"636, 637",LBR,LI,LB,NULL,LIR,LI,"5LA-5MZ, 6ZA-6ZZ, A8A-A8Z
D5A-D5Z, ELA-ELZ",2275384,Africa,Monrovia,Africa/Monrovia,Dollar,en-LR,"English 20% (official), some 20 ethnic group languages few of which can be written or used in correspondence",111370
Libya,Libya,434,LBY,LY,HL,+218,LBA,.ly,5A-,606,LY,LY,642,LBY,LY,LAR,624,LIB,LY,5AA-5AZ,2215636,Africa,Tripolis,Africa/Tripoli,Dinar,"ar-LY,it,en","Arabic (official), Italian, English (all widely understood in the major cities); Berber (Nafusi, Ghadamis, Suknah, Awjilah, Tamasheq)",1759540
Liechtenstein,Liechtenstein,438,LIE,LI,NULL,+423,LIE,.li,HB-,295,LS,LH,252,LIE,LS,FL,NULL,LIE,NULL,HB / HB0 / HB3Y,3042058,Europe,Vaduz,Europe/Vaduz,Franc,de-LI,"German 94.5% (official) (Alemannic is the main dialect), Italian 1.1%, other 4.3% (2010 est.)",160
Lithuania,Lithuania,440,LTU,LT,EY,+370,LTU,.lt,LY-,246,LH,LI,277,LTU,LH,LT,477,LIT,LT,LYA-LYZ,597427,Europe,Vilnius,Europe/Vilnius,Euro,"lt,ru,pl","Lithuanian (official) 82%, Russian 8%, Polish 5.6%, other 0.9%, unspecified 3.5% (2011 est.)",65200
Luxembourg,Luxembourg,442,LUX,LU,EL,+352,LUX,.lu,LX-,270,LU,LU,253,LUX,LU,L,540-549,LUX,BX,LXA-LXZ,2960313,Europe,Luxembourg,Europe/Luxembourg,Euro,"lb,de-LU,fr-LU","Luxembourgish (official administrative language and national language (spoken vernacular)), French (official administrative language), German (official administrative language)",2586
Macao,Macau,446,MAC,MO,VM,+853,NULL,.mo,B-M,455,MC,MH,453,MAC,MC,NULL,958,MAC,MU,XXA-XXZ,1821275,Asia,Macao,Asia/Macau,Pataca,"zh,zh-MO,pt","Cantonese 83.3%, Mandarin 5%, Hokkien 3.7%, English 2.3%, other Chinese dialects 2%, Tagalog 1.7%, Portuguese 0.7%, other 1.3%",254
"Macedonia, Republic of",Republic of Macedonia,807,MKD,MK,LW,+389,MKD,.mk,Z3-,294,FY,XN,274,MKD,MK,MK,531,MCD,MJ,Z3A-Z3Z,718075,Europe,Skopje,Europe/Skopje,Denar,"mk,sq,tr,rmm,sr","Macedonian (official) 66.5%, Albanian (official) 25.1%, Turkish 3.5%, Roma 1.9%, Serbian 1.2%, other 1.8% (2002 census)",25333
Madagascar,Madagascar,450,MDG,MG,"FMM, FMN, FMS",+261,MAD,.mg,5R-,646,MA,MG,647,MDG,MA,RM,NULL,MAG,MG,"5RA-5SZ, 6XA-6XZ",1062947,Africa,Antananarivo,Indian/Antananarivo,Ariary,"fr-MG,mg","French (official), Malagasy (official), English",587040
Malawi,Malawi,454,MWI,MW,FW,+265,MAW,.mw,7Q-,650,MI,MW,655,MWI,MI,MW,NULL,MLW,MW,7QA-7QZ,927384,Africa,Lilongwe,Africa/Blantyre,Kwacha,"ny,yao,tum,swk","English (official), Chichewa (common), Chinyanja, Chiyao, Chitumbuka, Chilomwe, Chinkhonde, Chingoni, Chisena, Chitonga, Chinyakyusa, Chilambya",118480
Malaysia,Malaysia,458,MYS,MY,"WB, WM",+60,MAS,.my,9M-,502,MY,MY,533,MLA,MY,MAL,955,MAL,MS,"9MA-9MZ, 9WA-9WZ",1733045,Asia,Kuala Lumpur,Asia/Kuala_Lumpur,Ringgit,"ms-MY,en,zh,ta,te,ml,pa,th","Bahasa Malaysia (official), English, Chinese (Cantonese, Mandarin, Hokkien, Hakka, Hainan, Foochow), Tamil, Telugu, Malayalam, Panjabi, Thai",329750
Maldives,Maldives,462,MDV,MV,VR,+960,MDV,.mv,8Q-,472,MV,XC,455,MLD,MV,MV (unofficial),NULL,MDV,MV,8QA-8QZ,1282028,Asia,Male,Indian/Maldives,Rufiyaa,"dv,en","Dhivehi (official, dialect of Sinhala, script derived from Arabic), English (spoken by most government officials)",300
Mali,Mali,466,MLI,ML,GA,+223,MLI,.ml,TZ-,610,ML,ML,649,MLI,ML,RMM,NULL,MLI,MI,TZA-TZZ,2453866,Africa,Bamako,Africa/Bamako,Franc,"fr-ML,bm","French (official), Bambara 46.3%, Peul/foulfoulbe 9.4%, Dogon 7.2%, Maraka/soninke 6.4%, Malinke 5.6%, Sonrhai/djerma 5.6%, Minianka 4.3%, Tamacheq 3.5%, Senoufo 2.6%, unspecified 0.6%, other 8.5%",1240000
Malta,Malta,470,MLT,MT,LM,+356,MLT,.mt,9H-,278,MT,MM,"215, 248, 249, 256",MLT,MT,M,535,MAT,ML,9HA-9HZ,2562770,Europe,Valletta,Europe/Malta,Euro,"mt,en-MT","Maltese (official) 90.1%, English (official) 6%, multilingual 3%, other 0.9% (2005 est.)",316
Marshall Islands,Marshall Islands,584,MHL,MH,"EN, PK",+692,NULL,.mh,V7-,551,RM,XE,538,MHL,RM,MH (unofficial),NULL,MAS,MH,V7A-V7Z,2080185,Oceania,Majuro,Pacific/Majuro,Dollar,"mh,en-MH","Marshallese (official) 98.2%, other languages 1.8% (1999 census)",181
Martinique,Martinique,474,MTQ,MQ,TF,+596,NULL,.mq,F-,340,MB,MQ,347,MRT,MB,NULL,NULL,MAQ,MR,NULL,NULL,NULL,NULL,NULL,NULL,NULL,NULL,NULL
Mauritania,Mauritania,478,MRT,MR,GQ,+222,MTN,.mr,5T-,609,MR,MU,654,MTN,MR,RIM,NULL,MAU,MT,5TA-5TZ,2378080,Africa,Nouakchott,Africa/Nouakchott,Ouguiya,"ar-MR,fuc,snk,fr,mey,wo","Arabic (official and national), Pulaar, Soninke, Wolof (all national languages), French, Hassaniya (a variety of Arabic)",1030700
Mauritius,Mauritius,480,MUS,MU,FI,+230,MRI,.mu,3B-,617,MP,MF,645,MAU,MP,MS,609,MAR,MA,3BA-3BZ,934292,Africa,Port Louis,Indian/Mauritius,Rupee,"en-MU,bho,fr","Creole 86.5%, Bhojpuri 5.3%, French 4.1%, two languages 1.4%, other 2.6% (includes English, the official language, which is spoken by less than 1% of the population), unspecified 0.1% (2011 est.)",2040
Mayotte,Mayotte,175,MYT,YT,FM,+269,NULL,.yt,F-,NULL,ME,OT,NULL,MYT,MF,NULL,NULL,NULL,NULL,NULL,1024031,Africa,Mamoudzou,Indian/Mayotte,Euro,fr-YT,French,374
Mexico,Mexico,484,MEX,MX,MM,+52,MEX,.mx,"XA-, XB-, XC-",334,MX,MX,345,MEX,MX,MEX,750,MEX,MX,"4AA-4CZ,6DA-6JZ,XAA-XIZ",3996063,North America,Mexico City,America/Mexico_City,Peso,es-MX,"Spanish only 92.7%, Spanish and indigenous languages 5.7%, indigenous only 0.8%, unspecified 0.8%",1972550
"Micronesia, Federated States of",Federated States of Micronesia,582,FSM,FM,PT,+691,FSM,.fm,V6-,550,FM,FM,510,FSM,FM,FSM (unofficial),NULL,MIC,KA,V6A—V6Z,2081918,Oceania,Palikir,Pacific/Pohnpei,Dollar,"en-FM,chk,pon,yap,kos,uli,woe,nkr,kpg","English (official and common language), Chuukese, Kosrean, Pohnpeian, Yapese, Ulithian, Woleaian, Nukuoro, Kapingamarangi",702
"Moldova, Republic of",Moldova,498,MDA,MD,LU,+373,MDA,.md,ER-,259,MD,MV,214,MDA,MD,MD,484,MOL,RM,ERA-ERZ,617790,Europe,Chisinau,Europe/Chisinau,Leu,"ro,ru,gag,tr","Moldovan 58.8% (official; virtually the same as the Romanian language), Romanian 16.4%, Russian 16%, Ukrainian 3.8%, Gagauz 3.1% (a Turkish language), Bulgarian 1.1%, other 0.3%, unspecified 0.4%",33843
Monaco,Monaco,492,MCO,MC,LN,+377,MON,.mc,3A-,212,MN,MC,254,MCO,MN,MC,NULL,MNC,M3,3AA-3AZ,2993457,Europe,Monaco,Europe/Monaco,Euro,"fr-MC,en,it","French (official), English, Italian, Monegasque",2
Mongolia,Mongolia,496,MNG,MN,ZM,+976,MGL,.mn,JU-,428,MG,MP,457,MNG,MG,MGL,865,MON,MO,JTA-JVZ,2029969,Asia,Ulan Bator,Asia/Ulaanbaatar,Tugrik,"mn,ru","Khalkha Mongol 90% (official), Turkic, Russian (1999)",1565000
Montenegro,Montenegro,499,MNE,ME,LY,+382,MGO,.me,4O-,297,NULL,MO,262,MNE,MJ,MNE,NULL,NULL,M4,4OA-4OZ,3194884,Europe,Podgorica,Europe/Podgorica,Euro,"sr,hu,bs,sq,hr,rom","Serbian 42.9%, Montenegrin (official) 37%, Bosnian 5.3%, Albanian 5.3%, Serbo-Croat 2%, other 3.5%, unspecified 4% (2011 est.)",14026
Montserrat,Montserrat,500,MSR,MS,TR,+1 664,NULL,.ms,VP-M-,354,MH,MJ,348,MSR,MH,NULL,NULL,MOT,M2,NULL,3578097,North America,Plymouth,America/Montserrat,Dollar,en-MS,English,102
Morocco,Morocco,504,MAR,MA,GM,+212,MAR,.ma,CN-,604,MO,MR,242,MRC,MO,MA,611,MOR,MC,"5CA-5GZ, CNA-CNZ",2542007,Africa,Rabat,Africa/Casablanca,Dirham,"ar-MA,fr","Arabic (official), Berber languages (Tamazight (official), Tachelhit, Tarifit), French (often the language of business, government, and diplomacy)",446550
Mozambique,Mozambique,508,MOZ,MZ,FQ,+258,MOZ,.mz,C9-,643,MZ,MZ,650,MOZ,MZ,MOC,NULL,MOZ,MZ,C8A-C9Z,1036973,Africa,Maputo,Africa/Maputo,Metical,"pt-MZ,vmw","Emakhuwa 25.3%, Portuguese (official) 10.7%, Xichangana 10.3%, Cisena 7.5%, Elomwe 7%, Echuwabo 5.1%, other Mozambican languages 30.1%, other 4% (1997 census)",801590
Namibia,Namibia,516,NAM,NA,FY,+264,NAM,.na,V5-,649,WA,SX,659,NMB,WA,NAM,NULL,NAM,NM,V5A-V5Z,3355338,Africa,Windhoek,Africa/Windhoek,Dollar,"en-NA,af,de,hz,naq","Oshiwambo languages 48.9%, Nama/Damara 11.3%, Afrikaans 10.4% (common language of most of the population and about 60% of the white population), Otjiherero languages 8.6%, Kavango languages 8.5%, Caprivi languages 4.8%, English (official) 3.4%, other African languages 2.3%, other 1.7%",825418
Nauru,Nauru,520,NRU,NR,AN,+674,NRU,.nr,C2-,536,NR,NU,544,NRU,NR,NAU,NULL,NAU,NW,C2A-C2Z,2110425,Oceania,Yaren,Pacific/Nauru,Dollar,"na,en-NR","Nauruan 93% (official, a distinct Pacific Island language), English 2% (widely understood, spoken, and used for most government and commercial purposes), other 5% (includes I-Kiribati 2% and Chinese 2%)",21
Nepal,Nepal,524,NPL,NP,VN,+977,NEP,.np,9N-,429,NP,NP,459,NPL,NP,NEP,NULL,NEP,NP,9NA-9NZ,1282988,Asia,Kathmandu,Asia/Kathmandu,Rupee,"ne,en","Nepali (official) 44.6%, Maithali 11.7%, Bhojpuri 6%, Tharu 5.8%, Tamang 5.1%, Newar 3.2%, Magar 3%, Bajjika 3%, Urdu 2.6%, Avadhi 1.9%, Limbu 1.3%, Gurung 1.2%, other 10.4%, unspecified 0.2%",140800
Netherlands,Netherlands,528,NLD,NL,EH,+31,NED,.nl,PH-,204,NL,NE,"244, 245, 246",HOL,NL,NL,870-879,NET,NL,PAA-PIZ,2750405,Europe,Amsterdam,Europe/Amsterdam,Euro,"nl-NL,fy-NL",Dutch (official),41526
New Caledonia,File:Flag of New Caledonia.svg,540,NCL,NC,NW,+687,NULL,.nc,F-,546,NC,NL,540,NCL,NC,F,NULL,NCA,NC,NULL,2139685,Oceania,Noumea,Pacific/Noumea,Franc,fr-NC,"French (official), 33 Melanesian-Polynesian dialects",19060
New Zealand,New Zealand,554,NZL,NZ,"NZ, PL",+64,NZL,.nz,"ZK-, ZL-, ZM-",530,NZ,NZ,512,NZL,NZ,NZ,940-949,NZE,NZ,ZKA-ZMZ,2186224,Oceania,Wellington,Pacific/Auckland,Dollar,"en-NZ,mi","English (de facto official) 89.8%, Maori (de jure official) 3.5%, Samoan 2%, Hindi 1.6%, French 1.2%, Northern Chinese 1.2%, Yue 1%, Other or not stated 20.5%, New Zealand Sign Language (de jure official)",268680
Nicaragua,Nicaragua,558,NIC,NI,MN,+505,NCA,.ni,YN-,710,NU,NQ,350,NCG,NU,NIC,743,NIC,NK,"H6A-H7Z,HTA-HTZ,YNA-YNZ",3617476,North America,Managua,America/Managua,Cordoba,"es-NI,en","Spanish (official) 95.3%, Miskito 2.2%, Mestizo of the Caribbean coast 2%, other 0.5%",129494
Niger,Niger,562,NER,NE,DR,+227,NIG,.ne,5U-,614,NG,NG,656,NGR,NG,RN,NULL,NER,NR,5UA-5UZ,2440476,Africa,Niamey,Africa/Niamey,Franc,"fr-NE,ha,kr,dje","French (official), Hausa, Djerma",1267000
Nigeria,Nigeria,566,NGA,NG,DN,+234,NGR,.ng,5N-,234,NI,NR,657,NIG,NI,WAN,NULL,NIR,NI,5NA-5OZ,2328926,Africa,Abuja,Africa/Lagos,Naira,"en-NG,ha,yo,ig,ff","English (official), Hausa, Yoruba, Igbo (Ibo), Fulani, over 500 additional indigenous languages",923768
Niue,Niue,570,NIU,NU,NI,+683,NULL,.nu,NULL,555,NE,XH,542,NIU,NE,NULL,NULL,NIU,N1,NULL,4036232,Oceania,Alofi,Pacific/Niue,Dollar,"niu,en-NU","Niuean (official) 46% (a Polynesian language closely related to Tongan and Samoan), Niuean and English 32%, English (official) 11%, Niuean and others 5%, other 6% (2011 est.)",260
Norfolk Island,Norfolk Island,574,NFK,NF,NULL,+672,NULL,.nf,VH-,505,NF,NX,NULL,NFK,NF,NULL,NULL,NULL,NULL,NULL,NULL,NULL,NULL,NULL,NULL,NULL,NULL,NULL
Northern Mariana Islands,Northern Mariana Islands,580,MNP,MP,PG,+1 670,NULL,.mp,NULL,534,CQ,NW,536,MRA,CQ,NULL,NULL,NULL,MY,NULL,4041468,Oceania,Saipan,Pacific/Saipan,Dollar,"fil,tl,zh,ch-MP,en-MP","Philippine languages 32.8%, Chamorro (official) 24.1%, English (official) 17%, other Pacific island languages 10.1%, Chinese 6.8%, other Asian languages 7.3%, other 1.9% (2010 est.)",477
Norway,Norway,578,NOR,NO,EN,+47,NOR,.no,LN-,242,NO,NO,"257, 258, 259",NOR,NO,N,700-709,NOR,NO,"3YA-3YZ,JWA-JXZ,LAA-LNZ",3144096,Europe,Oslo,Europe/Oslo,Krone,"no,nb,nn,se,fi","Bokmal Norwegian (official), Nynorsk Norwegian (official), small Sami- and Finnish-speaking minorities",324220
Oman,Oman,512,OMN,OM,OO,+968,OMA,.om,A4O-,422,MU,MK,461,OMA,MU,OM (unofficial),NULL,OMA,OM,A4A-A4Z,286963,Asia,Muscat,Asia/Muscat,Rial,"ar-OM,en,bal,ur","Arabic (official), English, Baluchi, Urdu, Indian dialects",212460
Pakistan,Pakistan,586,PAK,PK,OP,+92,PAK,.pk,AP-,410,PK,PK,463,PAK,PK,PK,NULL,PAK,PK,"6PA-6SZ, APA-ASZ",1168579,Asia,Islamabad,Asia/Karachi,Rupee,"ur-PK,en-PK,pa,sd,ps,brh","Punjabi 48%, Sindhi 12%, Saraiki (a Punjabi variant) 10%, Pashto (alternate name, Pashtu) 8%, Urdu (official) 8%, Balochi 3%, Hindko 2%, Brahui 1%, English (official; lingua franca of Pakistani elite and most government ministries), Burushaski, and other 8%",803940
Palau,Palau,585,PLW,PW,PT,+680,PLW,.pw,NULL,552,PS,PW,511,PLW,PS,PAL (unofficial),NULL,TTP[notes 1],NULL,T8A-T8Z,1559582,Oceania,Melekeok,Pacific/Palau,Dollar,"pau,sov,en-PW,tox,ja,fil,zh","Palauan (official on most islands) 66.6%, Carolinian 0.7%, other Micronesian 0.7%, English (official) 15.5%, Filipino 10.8%, Chinese 1.8%, other Asian 2.6%, other 1.3%",458
"Palestine, State of",State of Palestine,275,PSE,PS,"OJ, LV",+970,PLE,.ps,NULL,NULL,PS[notes 2],"GZ, WJ",443,"XGZ, XWB","GZ, WE",PS (unofficial),NULL,PAL,NULL,E4A-E4Z,6254930,Asia,East Jerusalem,Asia/Hebron,Shekel,ar-PS,"Arabic, Hebrew, English",5970
Panama,Panama,591,PAN,PA,MP,+507,PAN,.pa,HP-,714,PM,PN,351-357,PNR,PM,PA,745,PAN,PM,"3EA-3FZ, H3A-H3Z
H8A-H9Z, HOA-HPZ",3703430,North America,Panama City,America/Panama,Balboa,"es-PA,en","Spanish (official), English 14%",78200
Papua New Guinea,Papua New Guinea,598,PNG,PG,AY,+675,PNG,.pg,P2-,537,PP,PP,553,PNG,PP,PNG,NULL,PNG,NG,P2A-P2Z,2088628,Oceania,Port Moresby,Pacific/Port_Moresby,Kina,"en-PG,ho,meu,tpi","Tok Pisin (official), English (official), Hiri Motu (official), some 836 indigenous languages spoken (about 12% of the world's total); most languages have fewer than 1,000 speakers",462840
Paraguay,Paraguay,600,PRY,PY,SG,+595,PAR,.py,ZP-,744,PA,PY,755,PRG,PA,PY,784,PAR,PY,ZPA-ZPZ,3437598,South America,Asuncion,America/Asuncion,Guarani,"es-PY,gn","Spanish (official), Guarani (official)",406750
Peru,Peru,604,PER,PE,SP,+51,PER,.pe,OB-,716,PE,PE,760,PRU,PE,PE,775,PER,PR,"4TA-4TZ, OAA-OCZ",3932488,South America,Lima,America/Lima,Sol,"es-PE,qu,ay","Spanish (official) 84.1%, Quechua (official) 13%, Aymara (official) 1.7%, Ashaninka 0.3%, other native languages (includes a large number of minor Amazonian languages) 0.7%, other (includes foreign languages and sign language) 0.2% (2007 est.)",1285220
Philippines,Philippines,608,PHL,PH,RP,+63,PHI,.ph,RP-,515,RP,PH,548,PHL,RP,RP,480,PHI,PH,"4DA-4IZ, DUA-DUZ",1694008,Asia,Manila,Asia/Manila,Peso,"tl,en-PH,fil","Filipino (official; based on Tagalog) and English (official); eight major dialects - Tagalog, Cebuano, Ilocano, Hiligaynon or Ilonggo, Bicol, Waray, Pampango, and Pangasinan",300000
Pitcairn,Pitcairn Islands,612,PCN,PN,NULL,+64,NULL,.pn,G-,NULL,PC,PC,555,PTC,PC,NULL,NULL,NULL,PT,NULL,4030699,Oceania,Adamstown,Pacific/Pitcairn,Dollar,en-PN,English,47
Poland,Poland,616,POL,PL,EP,+48,POL,.pl,SP-,260,PL,PL,261,POL,PL,PL,590,POL,PL,"3ZA-3ZZ,HFA-HFZ,SNA-SRZ",798544,Europe,Warsaw,Europe/Warsaw,Zloty,pl,"Polish (official) 96.2%, Polish and non-Polish 2%, non-Polish 0.5%, unspecified 1.3%",312685
Portugal,Portugal,620,PRT,PT,LP,+351,POR,.pt,"CR-, CS-",268,PO,PO,263,POR,PO,P,560,POR,PO,CQA-CUZ,2264397,Europe,Lisbon,Europe/Lisbon,Euro,"pt-PT,mwl","Portuguese (official), Mirandese (official, but locally used)",92391
Puerto Rico,Puerto Rico,630,PRI,PR,TJ,"+1 787, +1 939",PUR,.pr,N-,330,RQ,PR,358,PTR,RQ,PR,NULL,PUE,PU,NULL,4566966,North America,San Juan,America/Puerto_Rico,Dollar,"en-PR,es-PR","Spanish, English",9104
Qatar,Qatar,634,QAT,QA,OT,+974,QAT,.qa,A7-,427,QA,QA,466,QAT,QA,Q,NULL,QAT,QT,A7A-A7Z,289688,Asia,Doha,Asia/Qatar,Rial,"ar-QA,es","Arabic (official), English commonly used as a second language",11437
Réunion,Réunion,638,REU,RE,FME,+262,NULL,.re,F-,647,RE,RE,660,REU,RE,F,NULL,REU,RE,NULL,935317,Africa,Saint-Denis,Indian/Reunion,Euro,fr-RE,French,2517
Romania,Romania,642,ROU,RO,LR,+40,ROU,.ro,YR-,226,RO,RM,264,ROU,RO,RO,594,ROM,RO,YOA-YRZ,798549,Europe,Bucharest,Europe/Bucharest,Leu,"ro,hu,rom","Romanian (official) 85.4%, Hungarian 6.3%, Romany (Gypsy) 1.2%, other 1%, unspecified 6.1% (2011 est.)",237500
Russian Federation,Russia,643,RUS,RU,"UA, UE, UH, UI, UL, UN
UO, UR, US, UU, UW",+7,RUS,.ru,RA-,250,RS,RU,273,RUS,RS,RUS,460-469,RUS,"RA, RS","RAA-RZZ, UAA-UIZ",2017370,Europe,Moscow,Europe/Moscow,Ruble,"ru,tt,xal,cau,ady,kv,ce,tyv,cv,udm,tut,mns,bua,myv,mdf,chm,ba,inh,tut,kbd,krc,ava,sah,nog","Russian (official) 96.3%, Dolgang 5.3%, German 1.5%, Chechen 1%, Tatar 3%, other 10.3%",17100000
Rwanda,Rwanda,646,RWA,RW,HR,+250,RWA,.rw,9XR-,635,RW,RW,661,RRW,RW,RWA,NULL,RWA,RW,9XA-9XZ,49518,Africa,Kigali,Africa/Kigali,Franc,"rw,en-RW,fr-RW,sw","Kinyarwanda only (official, universal Bantu vernacular) 93.2%, Kinyarwanda and other language(s) 6.2%, French (official) and other language(s) 0.1%, English (official) and other language(s) 0.1%, Swahili (or Kiswahili, used in commercial centers) 0.02%, other 0.03%, unspecified 0.3% (2002 est.)",26338
Saint Barthélemy,Saint Barthélemy,652,BLM,BL,TF,+590,NULL,.bl,NULL,NULL,NULL,NULL,NULL,NULL,TB,NULL,NULL,NULL,S2,NULL,3578476,North America,Gustavia,America/St_Barthelemy,Euro,fr,"French (primary), English",21
"Saint Helena, Ascension and Tristan da Cunha","Saint Helena, Ascension and Tristan da Cunha",654,SHN,SH,FH,+290,NULL,.sh,G-,NULL,SH,XJ,665,SHN,SH,NULL,NULL,STH,HE,NULL,3370751,Africa,Jamestown,Atlantic/St_Helena,Pound,en-SH,English,410
Saint Kitts and Nevis,Saint Kitts and Nevis,659,KNA,KN,TK,+1 869,SKN,.kn,V4-,356,SC,XD,341,SCN,SC,KAN (unofficial),NULL,STK,AT,V4A-V4Z,3575174,North America,Basseterre,America/St_Kitts,Dollar,en-KN,English (official),261
Saint Lucia,Saint Lucia,662,LCA,LC,TL,+1 758,LCA,.lc,J6-,358,ST,XK,343,LCA,ST,WL,NULL,STL,LC,J6A-J6Z,3576468,North America,Castries,America/St_Lucia,Dollar,en-LC,"English (official), French patois",616
Saint Martin (French part),Collectivity of Saint Martin,663,MAF,MF,TF,+590,NULL,.mf,NULL,NULL,NULL,NULL,NULL,NULL,RN,F,NULL,NULL,NULL,NULL,3578421,North America,Marigot,America/Marigot,Euro,fr,"French (official), English, Dutch, French Patois, Spanish, Papiamento (dialect of Netherlands Antilles)",53
Saint Pierre and Miquelon,Saint Pierre and Miquelon,666,SPM,PM,LF,+508,NULL,.pm,F-,308,SB[notes 1],XL,361,SPM,SB,F,NULL,FOS (?)[notes 2],FP,NULL,3424932,North America,Saint-Pierre,America/Miquelon,Euro,fr-PM,French (official),242
Saint Vincent and the Grenadines,Saint Vincent and the Grenadines,670,VCT,VC,TV,+1 784,VIN,.vc,J8-,360,VC,XM,"375, 376, 377",VCT,VC,WV,NULL,STV,VG,J8A-J8Z,3577815,North America,Kingstown,America/St_Vincent,Dollar,"en-VC,fr","English, French patois",389
Samoa,Samoa,882,WSM,WS,NS,+685,SAM,.ws,5W-,549,SS†,WS,561,SMO,WS,WS,NULL,SAM,ZM,5WA-5WZ,4034894,Oceania,Apia,Pacific/Apia,Tala,"sm,en-WS","Samoan (Polynesian) (official), English",2944
San Marino,San Marino,674,SMR,SM,NULL,+378,SMR,.sm,T7-,292,SM,SM,268,SMR,SM,RSM,NULL,SNM,NULL,T7A-T7Z,3168068,Europe,San Marino,Europe/San_Marino,Euro,it-SM,Italian,61
Sao Tome and Principe,São Tomé and Príncipe,678,STP,ST,FP,+239,STP,.st,S9-,626,TP,SF,668,STP,TP,STP (unofficial),NULL,STP,TP,S9A-S9Z,2410758,Africa,Sao Tome,Africa/Sao_Tome,Dobra,pt-ST,"Portuguese 98.4% (official), Forro 36.2%, Cabo Verdian 8.5%, French 6.8%, Angolar 6.6%, English 4.9%, Lunguie 1%, other (including sign language) 2.4%",1001
Saudi Arabia,Saudi Arabia,682,SAU,SA,OE,+966,KSA,.sa,HZ-,420,SA,SU,403,ARS,SA,SA,628,SAU,SD,"7ZA-7ZZ,8ZA-8ZZ,HZA-HZZ",102358,Asia,Riyadh,Asia/Riyadh,Rial,ar-SA,Arabic (official),1960582
Senegal,Senegal,686,SEN,SN,GO,+221,SEN,.sn,"6V-, 6W-",608,SG,SG,663,SEN,SG,SN,NULL,SEN,SG,6VA-6WZ,2245662,Africa,Dakar,Africa/Dakar,Franc,"fr-SN,wo,fuc,mnk","French (official), Wolof, Pulaar, Jola, Mandinka",196190
Serbia,Serbia,688,SRB,RS,LY,+381,SRB,.rs,YU-,220,RS,NULL,279,SRB,RB,SRB,NULL,NULL,RB,YTA-YUZ,6290252,Europe,Belgrade,Europe/Belgrade,Dinar,"sr,hu,bs,rom","Serbian (official) 88.1%, Hungarian 3.4%, Bosnian 1.9%, Romany 1.4%, other 3.4%, undeclared or unknown 1.8%",88361
Seychelles,Seychelles,690,SYC,SC,FS,+248,SEY,.sc,S7-,633,SE,SE,664,SEY,SE,SY,NULL,SEY,SC,S7A-S7Z,241170,Africa,Victoria,Indian/Mahe,Rupee,"en-SC,fr-SC","Seychellois Creole (official) 89.1%, English (official) 5.1%, French (official) 0.7%, other 3.8%, unspecified 1.4% (2010 est.)",455
Sierra Leone,Sierra Leone,694,SLE,SL,GF,+232,SLE,.sl,9L-,619,SL,SL,667,SRL,SL,WAL,NULL,SIL,SL,9LA-9LZ,2403846,Africa,Freetown,Africa/Freetown,Leone,"en-SL,men,tem","English (official, regular use limited to literate minority), Mende (principal vernacular in the south), Temne (principal vernacular in the north), Krio (English-based Creole, spoken by the descendants of freed Jamaican slaves who were settled in the Freetown area, a lingua franca and a first language for 10% of the population but understood by 95%)",71740
Singapore,Singapore,702,SGP,SG,WS,+65,SIN,.sg,9V-,525,SN,SI,"563, 564",SNG,SN,SGP,888,SIN,SR,"9VA-9VZ, S6A-S6Z",1880251,Asia,Singapur,Asia/Singapore,Dollar,"cmn,en-SG,ms-SG,ta-SG,zh-SG","Mandarin (official) 36.3%, English (official) 29.8%, Malay (official) 11.9%, Hokkien 8.1%, Tamil (official) 4.4%, Cantonese 4.1%, Teochew 3.2%, other Indian languages 1.2%, other Chinese dialects 1.1%, other 1.1% (2010 est.)",693
Sint Maarten (Dutch part),Sint Maarten,534,SXM,SX,TN,+1 721,NULL,.sx,NULL,NULL,NULL,NULL,NULL,NULL,NN,NULL,NULL,NULL,NULL,PJA-PJZ,7609695,North America,Philipsburg,America/Lower_Princes,Guilder,"nl,en","English (official) 67.5%, Spanish 12.9%, Creole 8.2%, Dutch (official) 4.2%, Papiamento (a Spanish-Portuguese-Dutch-English dialect) 2.2%, French 1.5%, other 3.5% (2001 census)",34
Slovakia,Slovakia,703,SVK,SK,LZ,+421,SVK,.sk,OM-,231,LO,XO,267,SVK,LO,SK,858,SLO,SQ,OMA-OMZ,3057568,Europe,Bratislava,Europe/Bratislava,Euro,"sk,hu","Slovak (official) 78.6%, Hungarian 9.4%, Roma 2.3%, Ruthenian 1%, other or unspecified 8.8% (2011 est.)",48845
Slovenia,Slovenia,705,SVN,SI,LJ,+386,SLO,.si,S5-,293,SI,XV,278,SVN,SI,SLO,383,SVN,LJ,S5A-S5Z,3190538,Europe,Ljubljana,Europe/Ljubljana,Euro,"sl,sh","Slovenian (official) 91.1%, Serbo-Croatian 4.5%, other or unspecified 4.4%, Italian (official, only in municipalities where Italian national communities reside), Hungarian (official, only in municipalities where Hungarian national communities reside) (2002 census)",20273
Solomon Islands,Solomon Islands,090,SLB,SB,AG,+677,SOL,.sb,H4-,540,BP,BP,557,SLM,BP,SOL (unofficial),NULL,SOI,SO,H4A-H4Z,2103350,Oceania,Honiara,Pacific/Guadalcanal,Dollar,"en-SB,tpi","Melanesian pidgin (in much of the country is lingua franca), English (official but spoken by only 1%-2% of the population), 120 indigenous languages",28450
Somalia,Somalia,706,SOM,SO,HC,+252,SOM,.so,6O-,637,SO,SO,666,SOM,SO,SO,NULL,SOM,SI,"6OA-6OZ, T5A-T5Z",51537,Africa,Mogadishu,Africa/Mogadishu,Shilling,"so-SO,ar-SO,it,en-SO","Somali (official), Arabic (official, according to the Transitional Federal Charter), Italian, English",637657
South Africa,South Africa,710,ZAF,ZA,FA,+27,RSA,.za,"ZS-, ZT-, ZU-",655,SF,SA,601,AFS,SF,ZA,600-601,SAF,ZA,"S8A-S8Z, ZRA-ZUZ",953987,Africa,Pretoria,Africa/Johannesburg,Rand,"zu,xh,af,nso,en-ZA,tn,st,ts,ss,ve,nr","IsiZulu (official) 22.7%, IsiXhosa (official) 16%, Afrikaans (official) 13.5%, English (official) 9.6%, Sepedi (official) 9.1%, Setswana (official) 8%, Sesotho (official) 7.6%, Xitsonga (official) 4.5%, siSwati (official) 2.5%, Tshivenda (official) 2.4%, isiNdebele (official) 2.1%, sign language 0.5%, other 1.6% (2011 est.)",1219912
South Georgia and the South Sandwich Islands,South Georgia and the South Sandwich Islands,239,SGS,GS,EG,NULL,NULL,.gs,G-,NULL,SX,XS,NULL,NULL,SX,NULL,NULL,NULL,NULL,NULL,NULL,NULL,NULL,NULL,NULL,NULL,NULL,NULL
South Sudan,South Sudan,728,SSD,SS,NULL,+211,NULL,NULL,NULL,659,NULL,NULL,NULL,NULL,NULL,NULL,NULL,NULL,NULL,NULL,7909807,Africa,Juba,Africa/Juba,Pound,en,"English (official), Arabic (includes Juba and Sudanese variants), regional languages include Dinka, Nuer, Bari, Zande, Shilluk",644329
Spain,Spain,724,ESP,ES,"LE, GC, GE",+34,ESP,.es,EC-,214,SP,SP,"224, 225",E,SP,E,840-849,SPA,SP,"AMA-AOZ, EAA-EHZ",2510769,Europe,Madrid,Europe/Madrid,Euro,"es-ES,ca,gl,eu,oc","Castilian Spanish (official) 74%, Catalan 17%, Galician 7%, and Basque 2%",504782
Sri Lanka,Sri Lanka,144,LKA,LK,VC,+94,SRI,.lk,4R-,413,C,CE,417,CLN,CE,CL,479,SRL,SB,4PA-4SZ,1227603,Asia,Colombo,Asia/Colombo,Rupee,"si,ta,en","Sinhala (official and national language) 74%, Tamil (national language) 18%, other 8%",65610
Sudan,Sudan,736,SDN,SD,HS,+249,SUD,.sd,ST-,634,SU,SJ,662,SDN,SU,SUD,NULL,SUD,SU,"6TA-6UZ,SSN-SSZ,STA-STZ",366755,Africa,Khartoum,Africa/Khartoum,Pound,"ar-SD,en,fia","Arabic (official), English (official), Nubian, Ta Bedawie, Fur",1861484
Suriname,Suriname,740,SUR,SR,SM,+597,SUR,.sr,PZ-,746,NS,SR,765,SUR,NS,SME,NULL,SUR,SM,PZA-PZZ,3382998,South America,Paramaribo,America/Paramaribo,Dollar,"nl-SR,en,srn,hns,jv","Dutch (official), English (widely spoken), Sranang Tongo (Surinamese, sometimes called Taki-Taki, is native language of Creoles and much of the younger population and is lingua franca among others), Caribbean Hindustani (a dialect of Hindi), Javanese",163270
Svalbard and Jan Mayen,Norway,744,SJM,SJ,NULL,+47,NULL,.sj,LN-,242,SV,NULL,NULL,NULL,"SV, JN",NULL,NULL,NULL,SZ,NULL,607072,Europe,Longyearbyen,Arctic/Longyearbyen,Krone,"no,ru","Norwegian, Russian",62049
Swaziland,Swaziland,748,SWZ,SZ,FD,+268,SWZ,.sz,3D-,653,WZ,SQ,669,SWZ,WZ,SD,NULL,SWA,SV,3DA-3DM,934841,Africa,Mbabane,Africa/Mbabane,Lilangeni,"en-SZ,ss-SZ","English (official, used for government business), siSwati (official)",17363
Sweden,Sweden,752,SWE,SE,ES,+46,SWE,.se,SE-,240,SW,SW,"265, 266",S,SW,S,730-739,SWE,SN,"7SA-7SZ,8SA-8SZ,SAA-SMZ",2661886,Europe,Stockholm,Europe/Stockholm,Krona,"sv-SE,se,sma,fi-SE","Swedish (official), small Sami- and Finnish-speaking minorities",449964
Switzerland,Switzerland,756,CHE,CH,LS,+41,SUI,.ch,HB-,228,SZ,SZ,269,SUI,SZ,CH,760-769,SWI,SW,"HBA-HBZ, HEA-HEZ",2658434,Europe,Berne,Europe/Zurich,Franc,"de-CH,fr-CH,it-CH,rm","German (official) 64.9%, French (official) 22.6%, Italian (official) 8.3%, Serbo-Croatian 2.5%, Albanian 2.6%, Portuguese 3.4%, Spanish 2.2%, English 4.6%, Romansch (official) 0.5%, other 5.1%",41290
Syrian Arab Republic,Syria,760,SYR,SY,OS,+963,SYR,.sy,YK-,417,SY,SY,468,SYR,SY,SYR,621,SYR,SY,"6CA-6CZ, YKA-YKZ",163843,Asia,Damascus,Asia/Damascus,Pound,"ar-SY,ku,hy,arc,fr,en","Arabic (official), Kurdish, Armenian, Aramaic, Circassian (widely understood); French, English (somewhat understood)",185180
"Taiwan, Province of China",Taiwan,158,TWN,TW,RC,+886,TPE,.tw,B-,466,TW,CH,416,NULL,TW,RC,471,NULL,TW,NULL,1668284,Asia,Taipei,Asia/Taipei,Dollar,"zh-TW,zh,nan,hak","Mandarin Chinese (official), Taiwanese (Min), Hakka dialects",35980
Tajikistan,Tajikistan,762,TJK,TJ,UT,+992,TJK,.tj,EY-,436,TI,TA,NULL,TJK,TI,TJ,488,TAJ,TZ,EYA-EYZ,1220409,Asia,Dushanbe,Asia/Dushanbe,Somoni,"tg,ru","Tajik (official), Russian widely used in government and business",143100
"Tanzania, United Republic of",Tanzania,834,TZA,TZ,HT,+255,TAN,.tz,5H-,640,TZ,TZ,"674, 677",TZA,TZ,EAT,620,URT[notes 1],TN,5HA-5IZ,149590,Africa,Dodoma,Africa/Dar_es_Salaam,Shilling,"sw-TZ,en,ar","Kiswahili or Swahili (official), Kiunguja (name for Swahili in Zanzibar), English (official, primary language of commerce, administration, and higher education), Arabic (widely spoken in Zanzibar), many local languages",945087
Thailand,Thailand,764,THA,TH,VT,+66,THA,.th,HS-,520,TH,TH,567,THA,TH,T,885,THA,TH,"E2A-E2Z, HSA-HSZ",1605651,Asia,Bangkok,Asia/Bangkok,Baht,"th,en","Thai (official) 90.7%, Burmese 1.3%, other 8%",514000
Timor-Leste,East Timor,626,TLS,TL,WP,+670,TLS,.tl,NULL,514,TM,EM,NULL,TMP,TT,TL (unofficial),NULL,TIM,TM,4WA-4WZ,1966436,Oceania,Dili,Asia/Dili,Dollar,"tet,pt-TL,id,en","Tetum (official), Portuguese (official), Indonesian, English",15007
Togo,Togo,768,TGO,TG,DX,+228,TOG,.tg,5V-,615,TO,TG,671,TGO,TO,TG,NULL,TOG,TG,5VA-5VZ,2363686,Africa,Lome,Africa/Lome,Franc,"fr-TG,ee,hna,kbp,dag,ha","French (official, the language of commerce), Ewe and Mina (the two major African languages in the south), Kabye (sometimes spelled Kabiye) and Dagomba (the two major African languages in the north)",56785
Tokelau,Tokelau,772,TKL,TK,NULL,+690,NULL,.tk,ZK-,530,TL,TL,NULL,TKL,TL,NULL,NULL,TOK,TK,NULL,4031074,Oceania,NULL,Pacific/Fakaofo,Dollar,"tkl,en-TK","Tokelauan 93.5% (a Polynesian language), English 58.9%, Samoan 45.5%, Tuvaluan 11.6%, Kiribati 2.7%, other 2.5%, none 4.1%, unspecified 0.6%",10
Tonga,Tonga,776,TON,TO,NFT,+676,TGA,.to,A3-,539,TN,TO,570,TON,TN,TO (unofficial),NULL,TON,TO,A3A-A3Z,4032283,Oceania,Nuku'alofa,Pacific/Tongatapu,Pa'anga,"to,en-TO","English and Tongan 87%, Tongan (official) 10.7%, English (official) 1.2%, other 1.1%, uspecified 0.03% (2006 est.)",748
Trinidad and Tobago,Trinidad and Tobago,780,TTO,TT,TT,+1 868,TRI,.tt,9Y-,374,TD,TR,362,TRD,TD,TT,NULL,TRI,TD,9YA-9ZZ,3573591,North America,Port of Spain,America/Port_of_Spain,Dollar,"en-TT,hns,fr,es,zh","English (official), Caribbean Hindustani (a dialect of Hindi), French, Spanish, Chinese",5128
Tunisia,Tunisia,788,TUN,TN,DT,+216,TUN,.tn,TS-,605,TS,TI,672,TUN,TS,TN,619,TUN,TS,"3VA-3VZ, TSA-TSZ",2464461,Africa,Tunis,Africa/Tunis,Dinar,"ar-TN,fr","Arabic (official, one of the languages of commerce), French (commerce), Berber (Tamazight)",163610
Turkey,Turkey,792,TUR,TR,LT,+90,TUR,.tr,TC-,286,TU,TU,271,TUR,TU,TR,868-869,TUR,TU,"TAA-TCZ, YMA-YMZ",298795,Asia,Ankara,Europe/Istanbul,Lira,"tr-TR,ku,diq,az,av","Turkish (official), Kurdish, other minority languages",780580
Turkmenistan,Turkmenistan,795,TKM,TM,UT,+993,TKM,.tm,EZ-,438,TX,TK,434,TKM,TX,TM,NULL,TUK,TR,EZA-EZZ,1218197,Asia,Ashgabat,Asia/Ashgabat,Manat,"tk,ru,uz","Turkmen (official) 72%, Russian 12%, Uzbek 9%, other 7%",488100
Turks and Caicos Islands,Turks and Caicos Islands,796,TCA,TC,MB,+1 649,NULL,.tc,VQ-T-,376,TK,TC,364,TCA,TK,NULL,NULL,TCI,TI,NULL,3576916,North America,Cockburn Town,America/Grand_Turk,Dollar,en-TC,English (official),430
Tuvalu,Tuvalu,798,TUV,TV,NGF,+688,TUV,.tv,T2-,553,TV,TV,572,TUV,TV,TUV (unofficial),NULL,TUV,TV,T2A-T2Z,2110297,Oceania,Funafuti,Pacific/Funafuti,Dollar,"tvl,en,sm,gil","Tuvaluan (official), English (official), Samoan, Kiribati (on the island of Nui)",26
Uganda,Uganda,800,UGA,UG,HU,+256,UGA,.ug,5X-,641,UG,UG,675,UGA,UG,EAU,NULL,UGA,UG,5XA-5XZ,226074,Africa,Kampala,Africa/Kampala,Shilling,"en-UG,lg,sw,ar","English (official national language, taught in grade schools, used in courts of law and by most newspapers and some radio broadcasts), Ganda or Luganda (most widely used of the Niger-Congo languages, preferred for native language publications in the capital and may be taught in school), other Niger-Congo languages, Nilo-Saharan languages, Swahili, Arabic",236040
Ukraine,Ukraine,804,UKR,UA,UK,+380,UKR,.ua,UR-,255,UP,UN,272,UKR,UP,UA,482,UKR,UR,"EMA-EOZ, URA-UZZ",690791,Europe,Kiev,Europe/Kiev,Hryvnia,"uk,ru-UA,rom,pl,hu","Ukrainian (official) 67%, Russian (regional language) 24%, other (includes small Romanian-, Polish-, and Hungarian-speaking minorities) 9%",603700
United Arab Emirates,United Arab Emirates,784,ARE,AE,OM,+971,UAE,.ae,A6-,"050, 055, 056, 052",TC,TS,470,UAE,AE,UAE,629,UAE,ER,A6A-A6Z,290557,Asia,Abu Dhabi,Asia/Dubai,Dirham,"ar-AE,fa,en,hi,ur","Arabic (official), Persian, English, Hindi, Urdu",82880
United Kingdom,United Kingdom,826,GBR,GB,EG,+44,GBR,.uk and .gb,G-,"234, 235",UK,XXK,232-235,G,UK,GB,500-509,UKM,UK,"2AA-2ZZ, GAA-GZZ, MAA-MZZ, VPA-VQZ
VSA-VSZ, ZBA-ZJZ, ZNA-ZOZ, ZQA-ZQZ",2635167,Europe,London,Europe/London,Pound,"en-GB,cy-GB,gd",English,244820
United States,United States,840,USA,US,"K,  PA, PB, PF, PH, PJ,
PL, PM, PO, PP, PW",+1,USA,.us,N[note 1],310-316,US,XXU,"338, 366-369",USA,US,USA,000-139,USA,US,"AAA-ALZ, KAA-KZZ
NAA-NZZ, WAA-WZZ",6252001,North America,Washington,America/New_York,Dollar,"en-US,es-US,haw,fr","English 82.1%, Spanish 10.7%, other Indo-European 3.8%, Asian and Pacific island 2.7%, other 0.7% (2000 census)",9629091
Uruguay,Uruguay,858,URY,UY,SU,+598,URU,.uy,CX-,748,UY,UY,770,URG,UY,ROU,773,URU,UY,CVA-CXZ,3439705,South America,Montevideo,America/Montevideo,Peso,es-UY,"Spanish (official), Portunol, Brazilero (Portuguese-Spanish mix on the Brazilian frontier)",176220
Uzbekistan,Uzbekistan,860,UZB,UZ,UT,+998,UZB,.uz,UK-,434,UZ,UZ,NULL,UZB,UZ,UZ,478,UZB,UZ,UJA-UMZ,1512440,Asia,Tashkent,Asia/Tashkent,Som,"uz,ru,tg","Uzbek (official) 74.3%, Russian 14.2%, Tajik 4.4%, other 7.1%",447400
Vanuatu,Vanuatu,548,VUT,VU,NV,+678,VAN,.vu,YJ-,541,NH,NN,576,VUT,NH,VU (unofficial),NULL,VAN,NV,YJA-YJZ,2134431,Oceania,Port Vila,Pacific/Efate,Vatu,"bi,en-VU,fr-VU","local languages (more than 100) 63.2%, Bislama (official; creole) 33.7%, English (official) 2%, French (official) 0.6%, other 0.5% (2009 est.)",12200
Holy See (Vatican City State),Vatican City,336,VAT,VA,NULL,+379[note 2],NULL,.va,HV-,225,VT,VC,208,CVA,VT,V,NULL,HLS[note 3],NULL,HVA-HVZ,3164670,Europe,Vatican City,Europe/Vatican,Euro,"la,it,fr","Latin, Italian, French",0
"Venezuela, Bolivarian Republic of",Venezuela,862,VEN,VE,SV,+58,VEN,.ve,YV-,734,VE,VE,775,VEN,VE,YV,759,VEN,VN,"4MA-4MZ, YVA-YYZ",3625428,South America,Caracas,America/Caracas,Bolivar,es-VE,"Spanish (official), numerous indigenous dialects",912050
Viet Nam,Vietnam,704,VNM,VN,VV,+84,VIE,.vn,VN-,452,VM,VM,574,VTN,VM,VN,893,VIE,VS,"3WA-3WZ, XVA-XVZ",1562822,Asia,Hanoi,Asia/Ho_Chi_Minh,Dong,"vi,en,fr,zh,km","Vietnamese (official), English (increasingly favored as a second language), some French, Chinese, and Khmer, mountain area languages (Mon-Khmer and Malayo-Polynesian)",329560
"Virgin Islands, British",British Virgin Islands,092,VGB,VG,TU,+1 284,IVB,.vg,VP-LV-,348,VS,VB,378,VRG,VI,BVI,NULL,BVI,VG,NULL,3577718,North America,Road Town,America/Tortola,Dollar,en-VG,English (official),153
"Virgin Islands, U.S.",United States Virgin Islands,850,VIR,VI,"MI, TI",+1 340,ISV,.vi,N-,332,VI,VI,379,VIR,VQ,NULL,NULL,UVI,VI,NULL,4796775,North America,Charlotte Amalie,America/St_Thomas,Dollar,en-VI,"English 74.7%, Spanish or Spanish Creole 16.8%, French or French Creole 6.6%, other 1.9% (2000 census)",352
Wallis and Futuna,Wallis and Futuna,876,WLF,WF,NL,+681,NULL,.wf,F-,543,WF,WF,578,WAL,WF,F,NULL,WFI,FW,NULL,4034749,Oceania,Mata Utu,Pacific/Wallis,Franc,"wls,fud,fr-WF","Wallisian (indigenous Polynesian language) 58.9%, Futunian 30.1%, French (official) 10.8%, other 0.2% (2003 census)",274
Western Sahara,Western Sahara,732,ESH,EH,GS,+212,NULL,NULL,CN-,604,WI,SS,NULL,AOE,WI,ME(?),NULL,SAH,EH,NULL,2461445,Africa,El-Aaiun,Africa/El_Aaiun,Dirham,"ar,mey","Standard Arabic (national), Hassaniya Arabic, Moroccan Arabic",266000
Yemen,Yemen,887,YEM,YE,OY,+967,YEM,.ye,7O-,421,YE,YE,"473, 475",YEM,YM,YAR,NULL,YEM,YE,7OA-7OZ,69543,Asia,Sanaa,Asia/Aden,Rial,ar-YE,Arabic (official),527970
Zambia,Zambia,894,ZMB,ZM,FL,+260,ZAM,.zm,9J-,645,ZA,ZA,678,ZMB,ZA,RNR,NULL,ZAM,ZB,9IA-9JZ,895949,Africa,Lusaka,Africa/Lusaka,Kwacha,"en-ZM,bem,loz,lun,lue,ny,toi","Bembe 33.4%, Nyanja 14.7%, Tonga 11.4%, Lozi 5.5%, Chewa 4.5%, Nsenga 2.9%, Tumbuka 2.5%, Lunda (North Western) 1.9%, Kaonde 1.8%, Lala 1.8%, Lamba 1.8%, English (official) 1.7%, Luvale 1.5%, Mambwe 1.3%, Namwanga 1.2%, Lenje 1.1%, Bisa 1%, other 9.2%, unspecified 0.4%",752614
Zimbabwe,Zimbabwe,716,ZWE,ZW,FV,+263,ZIM,.zw,Z-,648,ZI,RH,679,ZWE,ZI,ZW,NULL,ZIM,ZW,Z2A-Z2Z,878675,Africa,Harare,Africa/Harare,Dollar,"en-ZW,sn,nr,nd","English (official), Shona, Sindebele (the language of the Ndebele, sometimes called Ndebele), numerous but minor tribal dialects",390580
